{"stats":{"minecraft:mined":{"minecraft:coal_ore":27,"minecraft:oak_log":22,"minecraft:campfire":2,"minecraft:sand":3,"minecraft:stone":13,"minecraft:oak_leaves":7},"minecraft:crafted":{"minecraft:glass_bottle":3,"minecraft:wooden_sword":1,"minecraft:glass":3,"minecraft:oak_planks":84,"minecraft:crafting_table":1,"minecraft:stick":4,"minecraft:wooden_pickaxe":1,"minecraft:chest":1,"minecraft:cooked_mutton":8,"minecraft:air":0},"minecraft:picked_up":{"minecraft:charcoal":4,"minecraft:stick":4,"minecraft:potion":3,"minecraft:sand":6,"minecraft:oak_log":40,"minecraft:dirt":36,"minecraft:wooden_sword":2,"minecraft:cooked_mutton":5,"minecraft:pufferfish":1,"minecraft:rotten_flesh":7,"minecraft:tropical_fish":3,"minecraft:wheat_seeds":1,"minecraft:oak_sapling":2,"minecraft:coal":27,"minecraft:mutton":8,"minecraft:cobblestone":12},"minecraft:killed":{"minecraft:zombie":5},"minecraft:used":{"minecraft:cooked_mutton":3,"minecraft:glass_bottle":3,"minecraft:chest":1,"minecraft:wooden_pickaxe":41,"minecraft:wooden_sword":48,"minecraft:cobblestone":4,"minecraft:potion":3,"minecraft:crafting_table":1},"minecraft:custom":{"minecraft:time_since_rest":6300,"minecraft:interact_with_furnace":5,"minecraft:sprint_one_cm":15671,"minecraft:damage_taken":1111,"minecraft:walk_one_cm":87076,"minecraft:mob_kills":5,"minecraft:drop":1,"minecraft:damage_dealt":945,"minecraft:talked_to_villager":2,"minecraft:interact_with_crafting_table":8,"minecraft:swim_one_cm":246,"minecraft:fly_one_cm":22158,"minecraft:open_chest":17,"minecraft:crouch_one_cm":711,"minecraft:play_time":21052,"minecraft:deaths":3,"minecraft:sneak_time":277,"minecraft:walk_under_water_one_cm":2819,"minecraft:jump":310,"minecraft:walk_on_water_one_cm":5284,"minecraft:time_since_death":6861,"minecraft:sleep_in_bed":1,"minecraft:total_world_time":21052,"minecraft:fall_one_cm":5052},"minecraft:dropped":{"minecraft:rotten_flesh":1},"minecraft:killed_by":{"minecraft:zombie":1}},"DataVersion":3465}