{"stats":{"minecraft:mined":{"minecraft:oak_log":22,"minecraft:campfire":2,"minecraft:sand":3,"minecraft:oak_leaves":7},"minecraft:crafted":{"minecraft:glass_bottle":3,"minecraft:wooden_sword":1,"minecraft:glass":3,"minecraft:oak_planks":84,"minecraft:crafting_table":1,"minecraft:stick":4,"minecraft:wooden_pickaxe":1,"minecraft:chest":1,"minecraft:cooked_mutton":8,"minecraft:air":0},"minecraft:picked_up":{"minecraft:charcoal":4,"minecraft:stick":4,"minecraft:potion":3,"minecraft:sand":6,"minecraft:oak_log":40,"minecraft:dirt":36,"minecraft:wooden_sword":2,"minecraft:cooked_mutton":5,"minecraft:pufferfish":1,"minecraft:rotten_flesh":5,"minecraft:tropical_fish":3,"minecraft:wheat_seeds":1,"minecraft:oak_sapling":2,"minecraft:mutton":8},"minecraft:killed":{"minecraft:zombie":3},"minecraft:used":{"minecraft:cooked_mutton":1,"minecraft:glass_bottle":3,"minecraft:chest":1,"minecraft:wooden_sword":20,"minecraft:crafting_table":1},"minecraft:custom":{"minecraft:time_since_rest":300,"minecraft:interact_with_furnace":5,"minecraft:sprint_one_cm":11689,"minecraft:damage_taken":901,"minecraft:walk_one_cm":63679,"minecraft:mob_kills":3,"minecraft:drop":1,"minecraft:damage_dealt":587,"minecraft:talked_to_villager":2,"minecraft:interact_with_crafting_table":8,"minecraft:swim_one_cm":246,"minecraft:fly_one_cm":15028,"minecraft:open_chest":12,"minecraft:crouch_one_cm":679,"minecraft:play_time":15052,"minecraft:deaths":3,"minecraft:sneak_time":204,"minecraft:walk_under_water_one_cm":2819,"minecraft:jump":230,"minecraft:walk_on_water_one_cm":5284,"minecraft:time_since_death":861,"minecraft:sleep_in_bed":1,"minecraft:total_world_time":15052,"minecraft:fall_one_cm":2999},"minecraft:dropped":{"minecraft:rotten_flesh":1},"minecraft:killed_by":{"minecraft:zombie":1}},"DataVersion":3465}