{"stats":{"minecraft:crafted":{"minecraft:oak_door":3,"minecraft:oak_planks":68,"minecraft:crafting_table":1,"minecraft:iron_pickaxe":1,"minecraft:stick":4,"minecraft:iron_ingot":11,"minecraft:wooden_pickaxe":1,"minecraft:stone_pickaxe":2,"minecraft:stone_sword":1,"minecraft:chest":4,"minecraft:furnace":3,"minecraft:cooked_salmon":4,"minecraft:torch":24,"minecraft:stone_hoe":1,"minecraft:air":0},"minecraft:picked_up":{"minecraft:crafting_table":1,"minecraft:stick":15,"minecraft:raw_iron":13,"minecraft:glow_ink_sac":1,"minecraft:oak_door":2,"minecraft:salmon":4,"minecraft:torch":21,"minecraft:oak_log":64,"minecraft:yellow_bed":1,"minecraft:dirt":5,"minecraft:rotten_flesh":8,"minecraft:apple":4,"minecraft:cobbled_deepslate":1,"minecraft:oak_sapling":40,"minecraft:chest":1,"minecraft:oak_planks":47,"minecraft:coal":14,"minecraft:cobblestone":182},"minecraft:used":{"minecraft:oak_log":1,"minecraft:stone_sword":10,"minecraft:stone_pickaxe":124,"minecraft:chest":5,"minecraft:wooden_pickaxe":59,"minecraft:cooked_salmon":4,"minecraft:oak_door":1,"minecraft:stone_hoe":3,"minecraft:torch":13,"minecraft:dirt":1,"minecraft:cobblestone":22,"minecraft:crafting_table":2,"minecraft:furnace":3,"minecraft:yellow_bed":1,"minecraft:potato":2,"minecraft:cobbled_deepslate":1},"minecraft:mined":{"minecraft:iron_ore":9,"minecraft:yellow_bed":1,"minecraft:crafting_table":1,"minecraft:grass":1,"minecraft:grass_block":4,"minecraft:oak_log":41,"minecraft:coal_ore":14,"minecraft:deepslate_iron_ore":4,"minecraft:chest":1,"minecraft:dirt":1,"minecraft:cobblestone":2,"minecraft:stone":118,"minecraft:oak_leaves":25,"minecraft:deepslate":1},"minecraft:killed":{"minecraft:zombie":3,"minecraft:salmon":5},"minecraft:broken":{"minecraft:stone_pickaxe":1,"minecraft:wooden_pickaxe":1},"minecraft:custom":{"minecraft:time_since_rest":29957,"minecraft:interact_with_furnace":10,"minecraft:sprint_one_cm":16943,"minecraft:damage_taken":340,"minecraft:walk_one_cm":119209,"minecraft:mob_kills":9,"minecraft:damage_dealt":821,"minecraft:swim_one_cm":5064,"minecraft:interact_with_crafting_table":16,"minecraft:fly_one_cm":22875,"minecraft:open_chest":17,"minecraft:crouch_one_cm":1555,"minecraft:play_time":29957,"minecraft:walk_under_water_one_cm":14101,"minecraft:sneak_time":1192,"minecraft:jump":463,"minecraft:leave_game":3,"minecraft:time_since_death":29957,"minecraft:walk_on_water_one_cm":10298,"minecraft:total_world_time":29957,"minecraft:fall_one_cm":10626}},"DataVersion":3465}