{"stats":{"minecraft:mined":{"minecraft:oak_slab":1,"minecraft:oak_fence":3,"minecraft:stone_brick_wall":2,"minecraft:campfire":2,"minecraft:oak_planks":2,"minecraft:oak_log":22,"minecraft:coal_ore":27,"minecraft:oak_stairs":1,"minecraft:sand":3,"minecraft:stone":13,"minecraft:stone_bricks":1,"minecraft:oak_leaves":7},"minecraft:crafted":{"minecraft:wooden_sword":1,"minecraft:glass_bottle":3,"minecraft:oak_planks":84,"minecraft:crafting_table":2,"minecraft:wooden_pickaxe":1,"minecraft:cooked_mutton":8,"minecraft:air":0,"minecraft:glass":3,"minecraft:stick":4,"minecraft:stone_sword":1,"minecraft:chest":1},"minecraft:picked_up":{"minecraft:birch_log":2,"minecraft:charcoal":8,"minecraft:leather_chestplate":1,"minecraft:andesite":2,"minecraft:leather_leggings":1,"minecraft:wooden_pickaxe":1,"minecraft:oak_stairs":2,"minecraft:potato":20,"minecraft:stone_brick_wall":2,"minecraft:potion":6,"minecraft:tuff":29,"minecraft:oak_log":42,"minecraft:gunpowder":11,"minecraft:netherite_leggings":2,"minecraft:dirt":125,"minecraft:lantern":1,"minecraft:raw_copper":1,"minecraft:wooden_sword":4,"minecraft:leather_boots":1,"minecraft:cooked_mutton":11,"minecraft:white_carpet":3,"minecraft:pufferfish":1,"minecraft:bone":67,"minecraft:oak_sign":5,"minecraft:apple":64,"minecraft:stone_bricks":1,"minecraft:wheat_seeds":4,"minecraft:cobbled_deepslate":76,"minecraft:bucket":1,"minecraft:enchanted_golden_apple":5,"minecraft:oak_planks":135,"minecraft:furnace":2,"minecraft:sculk_catalyst":1,"minecraft:scaffolding":1,"minecraft:oak_slab":4,"minecraft:stick":7,"minecraft:oak_fence":3,"minecraft:sand":6,"minecraft:pointed_dripstone":2,"minecraft:diorite":2,"minecraft:white_bed":1,"minecraft:leather_helmet":1,"minecraft:brown_carpet":1,"minecraft:arrow":2,"minecraft:rotten_flesh":17,"minecraft:tropical_fish":5,"minecraft:saddle":1,"minecraft:horse_spawn_egg":1,"minecraft:oak_sapling":8,"minecraft:mutton":8,"minecraft:coal":54,"minecraft:cod":2,"minecraft:cobblestone":40},"minecraft:killed":{"minecraft:spider":1,"minecraft:cod":1,"minecraft:ravager":1,"minecraft:creeper":6,"minecraft:skeleton":5,"minecraft:zombie":10,"alexscaves:atlatitan":1,"minecraft:warden":1},"minecraft:custom":{"minecraft:interact_with_furnace":6,"minecraft:mob_kills":27,"minecraft:interact_with_crafting_table":13,"minecraft:leave_game":2,"minecraft:time_since_death":73067,"minecraft:sleep_in_bed":1,"minecraft:time_since_rest":73088,"minecraft:sprint_one_cm":22392,"minecraft:damage_taken":1599,"minecraft:walk_one_cm":187334,"minecraft:trigger_trapped_chest":17,"minecraft:drop":18,"minecraft:damage_dealt":12578,"minecraft:swim_one_cm":640,"minecraft:talked_to_villager":2,"minecraft:fly_one_cm":1194158,"minecraft:open_chest":22,"minecraft:crouch_one_cm":1309,"minecraft:play_time":96776,"minecraft:deaths":4,"minecraft:sneak_time":2376,"minecraft:walk_under_water_one_cm":10116,"minecraft:jump":741,"minecraft:walk_on_water_one_cm":14136,"minecraft:enchant_item":16,"minecraft:total_world_time":96776,"minecraft:fall_one_cm":6699},"minecraft:used":{"minecraft:cooked_mutton":6,"minecraft:netherite_sword":167,"minecraft:stone_sword":19,"minecraft:enchanting_table":1,"minecraft:flint_and_steel":2,"minecraft:glass_bottle":13,"minecraft:oak_planks":25,"minecraft:oak_sign":1,"minecraft:chest":1,"minecraft:wooden_pickaxe":44,"minecraft:sandstone":1,"minecraft:dirt":49,"minecraft:crafting_table":2,"minecraft:tuff":13,"minecraft:warden_spawn_egg":1,"minecraft:creeper_spawn_egg":70,"minecraft:ravager_spawn_egg":23,"minecraft:lava_bucket":6,"minecraft:bookshelf":26,"minecraft:oak_stairs":2,"minecraft:grass_block":1,"minecraft:cobblestone":4,"minecraft:wooden_sword":52,"minecraft:potion":13,"minecraft:bow":7,"minecraft:bucket":1,"minecraft:trapped_chest":1,"alexscaves:nuclear_bomb":4,"minecraft:air":2,"minecraft:cobbled_deepslate":35,"minecraft:iron_leggings":1},"minecraft:dropped":{"minecraft:wolf_spawn_egg":128,"minecraft:warden_spawn_egg":32,"minecraft:rotten_flesh":1,"minecraft:apple":64,"minecraft:leather_helmet":1,"minecraft:netherite_leggings":2,"minecraft:leather_chestplate":1,"minecraft:gunpowder":2,"minecraft:leather_boots":1,"minecraft:leather_leggings":1,"minecraft:wooden_sword":1,"minecraft:horse_spawn_egg":2,"minecraft:bone":128},"minecraft:killed_by":{"minecraft:zombie":1}},"DataVersion":3465}