{"stats":{"minecraft:mined":{"minecraft:oak_slab":1,"minecraft:oak_fence":3,"minecraft:stone_brick_wall":2,"minecraft:campfire":2,"minecraft:oak_planks":2,"minecraft:oak_log":22,"minecraft:coal_ore":27,"minecraft:oak_stairs":1,"minecraft:sand":3,"minecraft:stone":13,"minecraft:stone_bricks":1,"minecraft:oak_leaves":7},"minecraft:picked_up":{"minecraft:charcoal":8,"minecraft:wooden_pickaxe":1,"minecraft:oak_stairs":2,"minecraft:potato":20,"minecraft:stone_brick_wall":2,"minecraft:potion":6,"minecraft:tuff":29,"minecraft:oak_log":42,"minecraft:dirt":108,"minecraft:lantern":1,"minecraft:wooden_sword":3,"minecraft:cooked_mutton":11,"minecraft:white_carpet":3,"minecraft:pufferfish":1,"minecraft:oak_sign":4,"minecraft:stone_bricks":1,"minecraft:wheat_seeds":4,"minecraft:cobbled_deepslate":76,"minecraft:oak_planks":135,"minecraft:furnace":2,"minecraft:scaffolding":1,"minecraft:oak_slab":4,"minecraft:stick":7,"minecraft:oak_fence":3,"minecraft:sand":6,"minecraft:white_bed":1,"minecraft:brown_carpet":1,"minecraft:rotten_flesh":15,"minecraft:tropical_fish":5,"minecraft:oak_sapling":8,"minecraft:mutton":8,"minecraft:coal":54,"minecraft:cod":2,"minecraft:cobblestone":20},"minecraft:crafted":{"minecraft:wooden_sword":1,"minecraft:glass_bottle":3,"minecraft:oak_planks":84,"minecraft:crafting_table":2,"minecraft:wooden_pickaxe":1,"minecraft:cooked_mutton":8,"minecraft:air":0,"minecraft:glass":3,"minecraft:stick":4,"minecraft:stone_sword":1,"minecraft:chest":1},"minecraft:killed":{"minecraft:cod":1,"minecraft:zombie":5},"minecraft:custom":{"minecraft:interact_with_furnace":6,"minecraft:mob_kills":6,"minecraft:interact_with_crafting_table":13,"minecraft:leave_game":1,"minecraft:time_since_death":19623,"minecraft:sleep_in_bed":1,"minecraft:time_since_rest":19644,"minecraft:sprint_one_cm":19382,"minecraft:damage_taken":1599,"minecraft:walk_one_cm":141500,"minecraft:drop":1,"minecraft:damage_dealt":1284,"minecraft:swim_one_cm":640,"minecraft:talked_to_villager":2,"minecraft:fly_one_cm":322604,"minecraft:open_chest":20,"minecraft:crouch_one_cm":814,"minecraft:play_time":43332,"minecraft:deaths":4,"minecraft:sneak_time":593,"minecraft:walk_under_water_one_cm":10116,"minecraft:jump":566,"minecraft:walk_on_water_one_cm":10946,"minecraft:total_world_time":43332,"minecraft:fall_one_cm":6699},"minecraft:used":{"minecraft:cooked_mutton":6,"minecraft:stone_sword":19,"minecraft:glass_bottle":13,"minecraft:oak_planks":25,"minecraft:chest":1,"minecraft:wooden_pickaxe":44,"minecraft:crafting_table":2,"minecraft:tuff":1,"minecraft:lava_bucket":6,"minecraft:oak_stairs":2,"minecraft:wooden_sword":52,"minecraft:cobblestone":4,"minecraft:potion":13,"minecraft:bucket":1,"minecraft:air":2,"minecraft:cobbled_deepslate":9},"minecraft:dropped":{"minecraft:rotten_flesh":1},"minecraft:killed_by":{"minecraft:zombie":1}},"DataVersion":3465}