{"stats":{"minecraft:crafted":{"minecraft:oak_door":3,"minecraft:oak_planks":68,"minecraft:crafting_table":1,"minecraft:wooden_pickaxe":1,"minecraft:furnace":3,"minecraft:cooked_salmon":4,"minecraft:air":0,"minecraft:stick":4,"minecraft:iron_ingot":11,"minecraft:iron_pickaxe":1,"minecraft:stone_pickaxe":2,"minecraft:stone_sword":1,"minecraft:chest":4,"minecraft:torch":24,"minecraft:stone_hoe":1},"minecraft:used":{"minecraft:stone_sword":22,"minecraft:stone_pickaxe":146,"minecraft:chest":5,"minecraft:wooden_pickaxe":59,"minecraft:cooked_salmon":4,"minecraft:stone_hoe":3,"minecraft:oak_door":1,"minecraft:torch":13,"minecraft:dirt":1,"minecraft:crafting_table":2,"minecraft:oak_log":1,"minecraft:cobblestone":22,"minecraft:furnace":3,"minecraft:yellow_bed":1,"minecraft:potato":2,"minecraft:cobbled_deepslate":1},"minecraft:picked_up":{"minecraft:crafting_table":1,"minecraft:glow_ink_sac":1,"minecraft:salmon":4,"minecraft:potion":3,"minecraft:oak_log":87,"minecraft:yellow_bed":1,"minecraft:dirt":5,"minecraft:apple":10,"minecraft:beetroot":3,"minecraft:wheat_seeds":1,"minecraft:cobbled_deepslate":1,"minecraft:iron_ingot":4,"minecraft:dark_oak_sign":1,"minecraft:glass_bottle":1,"minecraft:chest":1,"minecraft:oak_planks":47,"minecraft:stone_hoe":1,"minecraft:stick":15,"minecraft:raw_iron":13,"minecraft:oak_door":4,"minecraft:torch":21,"minecraft:rotten_flesh":13,"minecraft:bread":7,"minecraft:oak_sapling":60,"minecraft:coal":32,"minecraft:cobblestone":255},"minecraft:mined":{"minecraft:crafting_table":1,"minecraft:grass_block":4,"minecraft:chest":1,"minecraft:cobblestone":2,"minecraft:iron_ore":9,"minecraft:yellow_bed":1,"minecraft:grass":5,"minecraft:coal_ore":25,"minecraft:oak_log":41,"minecraft:deepslate_iron_ore":4,"minecraft:dirt":1,"minecraft:stone":129,"minecraft:oak_leaves":25,"minecraft:deepslate":1},"minecraft:killed":{"minecraft:salmon":5,"minecraft:zombie":4},"minecraft:dropped":{"minecraft:beetroot":3,"minecraft:rotten_flesh":4},"minecraft:broken":{"minecraft:stone_pickaxe":1,"minecraft:wooden_pickaxe":1},"minecraft:custom":{"minecraft:interact_with_furnace":12,"minecraft:mob_kills":10,"minecraft:interact_with_crafting_table":16,"minecraft:eat_cake_slice":11,"minecraft:leave_game":3,"minecraft:time_since_death":37035,"minecraft:climb_one_cm":5770,"minecraft:time_since_rest":37035,"minecraft:sprint_one_cm":21861,"minecraft:damage_taken":535,"minecraft:walk_one_cm":143553,"minecraft:drop":4,"minecraft:damage_dealt":969,"minecraft:swim_one_cm":8308,"minecraft:fly_one_cm":38904,"minecraft:open_chest":23,"minecraft:crouch_one_cm":1822,"minecraft:play_time":37035,"minecraft:sneak_time":1364,"minecraft:walk_under_water_one_cm":17255,"minecraft:jump":627,"minecraft:walk_on_water_one_cm":13329,"minecraft:total_world_time":37035,"minecraft:fall_one_cm":13194}},"DataVersion":3465}