{"stats":{"minecraft:crafted":{"minecraft:oak_door":3,"minecraft:oak_planks":72,"minecraft:crafting_table":1,"minecraft:wooden_pickaxe":1,"minecraft:furnace":3,"minecraft:cooked_salmon":4,"minecraft:air":0,"minecraft:stick":12,"minecraft:iron_ingot":13,"minecraft:iron_pickaxe":1,"minecraft:stone_pickaxe":3,"minecraft:stone_sword":1,"minecraft:chest":4,"minecraft:torch":24,"minecraft:stone_hoe":1},"minecraft:used":{"minecraft:stone_sword":31,"minecraft:stone_pickaxe":334,"minecraft:chest":5,"minecraft:wooden_pickaxe":59,"minecraft:cooked_salmon":4,"minecraft:stone_hoe":3,"minecraft:oak_door":1,"minecraft:torch":24,"minecraft:dirt":1,"minecraft:crafting_table":2,"minecraft:oak_log":1,"minecraft:cobblestone":54,"minecraft:furnace":3,"minecraft:andesite":1,"minecraft:yellow_bed":1,"minecraft:potato":2,"minecraft:cobbled_deepslate":1},"minecraft:picked_up":{"minecraft:crafting_table":1,"minecraft:salmon":7,"minecraft:glow_ink_sac":1,"minecraft:andesite":21,"minecraft:potion":3,"minecraft:flint":1,"minecraft:oak_log":87,"minecraft:yellow_bed":1,"minecraft:dirt":5,"minecraft:apple":10,"minecraft:beetroot":3,"minecraft:wheat_seeds":1,"minecraft:cobbled_deepslate":1,"minecraft:iron_ingot":4,"minecraft:dark_oak_sign":1,"minecraft:glass_bottle":1,"minecraft:chest":1,"minecraft:oak_planks":47,"minecraft:stone_hoe":1,"minecraft:stick":15,"minecraft:raw_iron":13,"minecraft:oak_door":4,"minecraft:torch":25,"minecraft:gravel":5,"minecraft:diorite":37,"minecraft:rotten_flesh":13,"minecraft:granite":2,"minecraft:bread":7,"minecraft:oak_sapling":60,"minecraft:coal":32,"minecraft:cobblestone":375},"minecraft:mined":{"minecraft:crafting_table":1,"minecraft:granite":2,"minecraft:grass_block":4,"minecraft:chest":1,"minecraft:cobblestone":4,"minecraft:diorite":37,"minecraft:wall_torch":4,"minecraft:iron_ore":9,"minecraft:andesite":21,"minecraft:yellow_bed":1,"minecraft:grass":5,"minecraft:oak_log":41,"minecraft:coal_ore":25,"minecraft:deepslate_iron_ore":4,"minecraft:gravel":6,"minecraft:dirt":1,"minecraft:stone":252,"minecraft:oak_leaves":25,"minecraft:deepslate":1},"minecraft:killed":{"minecraft:salmon":9,"minecraft:zombie":4},"minecraft:dropped":{"minecraft:beetroot":3,"minecraft:rotten_flesh":4},"minecraft:broken":{"minecraft:stone_pickaxe":2,"minecraft:wooden_pickaxe":1},"minecraft:custom":{"minecraft:interact_with_furnace":17,"minecraft:mob_kills":14,"minecraft:interact_with_crafting_table":17,"minecraft:eat_cake_slice":18,"minecraft:leave_game":8,"minecraft:time_since_death":48516,"minecraft:climb_one_cm":6820,"minecraft:time_since_rest":48516,"minecraft:sprint_one_cm":25580,"minecraft:damage_taken":595,"minecraft:walk_one_cm":158062,"minecraft:drop":4,"minecraft:damage_dealt":1089,"minecraft:swim_one_cm":11303,"minecraft:fly_one_cm":44680,"minecraft:open_chest":28,"minecraft:crouch_one_cm":2205,"minecraft:play_time":48516,"minecraft:sneak_time":1603,"minecraft:walk_under_water_one_cm":18994,"minecraft:jump":745,"minecraft:walk_on_water_one_cm":15619,"minecraft:total_world_time":48516,"minecraft:fall_one_cm":14572}},"DataVersion":3465}