{"stats":{"minecraft:mined":{"minecraft:oak_log":19,"minecraft:oak_leaves":6},"minecraft:picked_up":{"minecraft:stick":2,"minecraft:oak_log":19,"minecraft:oak_sapling":1},"minecraft:custom":{"minecraft:jump":37,"minecraft:time_since_rest":3052,"minecraft:damage_taken":270,"minecraft:crouch_one_cm":247,"minecraft:sprint_one_cm":271,"minecraft:play_time":3052,"minecraft:time_since_death":3052,"minecraft:walk_one_cm":5751,"minecraft:sneak_time":104,"minecraft:total_world_time":3052,"minecraft:fall_one_cm":836,"minecraft:fly_one_cm":1587}},"DataVersion":3465}