{"stats":{"minecraft:crafted":{"minecraft:oak_door":3,"minecraft:oak_planks":72,"minecraft:crafting_table":1,"minecraft:wooden_pickaxe":1,"minecraft:furnace":3,"minecraft:cooked_salmon":7,"minecraft:air":0,"minecraft:stick":12,"minecraft:iron_ingot":13,"minecraft:iron_pickaxe":1,"minecraft:stone_pickaxe":4,"minecraft:stone_sword":1,"minecraft:chest":4,"minecraft:torch":24,"minecraft:stone_hoe":1},"minecraft:used":{"minecraft:stone_sword":83,"minecraft:stone_pickaxe":416,"minecraft:chest":5,"minecraft:wooden_pickaxe":59,"minecraft:cooked_salmon":6,"minecraft:stone_hoe":11,"minecraft:oak_door":1,"minecraft:torch":28,"minecraft:dirt":1,"minecraft:crafting_table":2,"minecraft:carrot":2,"minecraft:oak_log":1,"minecraft:cobblestone":54,"minecraft:furnace":3,"minecraft:andesite":1,"minecraft:yellow_bed":1,"minecraft:potato":4,"minecraft:cobbled_deepslate":1},"minecraft:picked_up":{"minecraft:crafting_table":1,"minecraft:salmon":30,"minecraft:glow_ink_sac":1,"minecraft:andesite":21,"minecraft:potato":2,"minecraft:potion":3,"minecraft:flint":2,"minecraft:tuff":14,"minecraft:oak_log":87,"minecraft:yellow_bed":1,"minecraft:raw_copper":4,"minecraft:dirt":5,"minecraft:apple":10,"minecraft:beetroot":3,"minecraft:wheat_seeds":1,"minecraft:cobbled_deepslate":7,"minecraft:iron_ingot":4,"minecraft:dark_oak_sign":1,"minecraft:player_head":1,"minecraft:glass_bottle":1,"minecraft:chest":1,"minecraft:oak_planks":47,"minecraft:stone_hoe":1,"minecraft:book":63,"minecraft:stick":15,"minecraft:raw_iron":13,"minecraft:oak_door":4,"minecraft:copper_ingot":1,"minecraft:torch":25,"minecraft:gravel":16,"minecraft:mangrove_sign":1,"minecraft:diorite":38,"minecraft:rotten_flesh":13,"minecraft:granite":2,"minecraft:bone_meal":1,"minecraft:bread":7,"minecraft:oak_sapling":60,"minecraft:coal":32,"minecraft:cobblestone":435},"minecraft:mined":{"minecraft:tuff":14,"minecraft:crafting_table":1,"minecraft:granite":2,"minecraft:grass_block":4,"minecraft:chest":1,"minecraft:copper_ore":1,"minecraft:cobblestone":4,"minecraft:diorite":38,"minecraft:wall_torch":4,"minecraft:seagrass":1,"minecraft:iron_ore":9,"minecraft:andesite":21,"minecraft:yellow_bed":1,"minecraft:grass":5,"minecraft:bookshelf":21,"minecraft:potatoes":2,"minecraft:oak_log":41,"minecraft:coal_ore":25,"minecraft:deepslate_iron_ore":4,"minecraft:gravel":18,"minecraft:dirt":1,"minecraft:stone":309,"minecraft:player_head":1,"minecraft:oak_leaves":25,"minecraft:deepslate":7},"minecraft:killed":{"minecraft:salmon":32,"minecraft:zombie":4,"minecraft:drowned":1},"minecraft:dropped":{"minecraft:beetroot":3,"minecraft:rotten_flesh":4},"minecraft:broken":{"minecraft:stone_pickaxe":3,"minecraft:wooden_pickaxe":1},"minecraft:custom":{"minecraft:interact_with_furnace":21,"minecraft:mob_kills":38,"minecraft:open_barrel":7,"minecraft:interact_with_crafting_table":19,"minecraft:interact_with_loom":2,"minecraft:eat_cake_slice":18,"minecraft:leave_game":9,"minecraft:time_since_death":67041,"minecraft:climb_one_cm":7588,"minecraft:time_since_rest":67041,"minecraft:sprint_one_cm":46633,"minecraft:damage_taken":615,"minecraft:walk_one_cm":228377,"minecraft:drop":4,"minecraft:damage_dealt":1981,"minecraft:play_noteblock":1,"minecraft:swim_one_cm":24520,"minecraft:fly_one_cm":80704,"minecraft:open_chest":37,"minecraft:crouch_one_cm":2387,"minecraft:play_time":67041,"minecraft:sneak_time":1879,"minecraft:walk_under_water_one_cm":28590,"minecraft:jump":1240,"minecraft:interact_with_blast_furnace":3,"minecraft:walk_on_water_one_cm":30443,"minecraft:total_world_time":67041,"minecraft:fall_one_cm":20192}},"DataVersion":3465}