{"stats":{"minecraft:crafted":{"minecraft:chest":1,"minecraft:oak_planks":68,"minecraft:crafting_table":1,"minecraft:wooden_pickaxe":1,"minecraft:stone_pickaxe":1},"minecraft:picked_up":{"minecraft:stick":13,"minecraft:crafting_table":1,"minecraft:rotten_flesh":4,"minecraft:apple":2,"minecraft:oak_log":41,"minecraft:oak_sapling":20,"minecraft:coal":3,"minecraft:cobblestone":85},"minecraft:used":{"minecraft:oak_log":1,"minecraft:cobblestone":2,"minecraft:crafting_table":2,"minecraft:stone_pickaxe":61,"minecraft:chest":1,"minecraft:wooden_pickaxe":59},"minecraft:mined":{"minecraft:grass":1,"minecraft:coal_ore":3,"minecraft:oak_log":41,"minecraft:stone":85,"minecraft:crafting_table":1,"minecraft:oak_leaves":17},"minecraft:killed":{"minecraft:zombie":3},"minecraft:broken":{"minecraft:wooden_pickaxe":1},"minecraft:custom":{"minecraft:open_chest":1,"minecraft:time_since_rest":13515,"minecraft:sprint_one_cm":839,"minecraft:play_time":13515,"minecraft:damage_taken":230,"minecraft:walk_one_cm":60024,"minecraft:sneak_time":6,"minecraft:mob_kills":4,"minecraft:jump":196,"minecraft:damage_dealt":521,"minecraft:leave_game":1,"minecraft:time_since_death":13515,"minecraft:total_world_time":13515,"minecraft:interact_with_crafting_table":4,"minecraft:fall_one_cm":4062,"minecraft:fly_one_cm":3129}},"DataVersion":3465}