{"stats":{"minecraft:crafted":{"minecraft:wooden_sword":1,"minecraft:oak_planks":12,"minecraft:iron_boots":1,"minecraft:crafting_table":2,"minecraft:stick":12,"minecraft:iron_pickaxe":1,"minecraft:wooden_pickaxe":1,"minecraft:iron_sword":1,"minecraft:iron_leggings":1,"minecraft:torch":12,"minecraft:birch_planks":12,"minecraft:gray_bed":1},"minecraft:picked_up":{"minecraft:birch_log":3,"minecraft:stick":1,"travelersbackpack:melon":1,"minecraft:wooden_pickaxe":1,"minecraft:oak_log":3,"minecraft:string":3,"minecraft:dirt":10,"minecraft:wooden_sword":1,"minecraft:bone":14,"minecraft:arrow":14,"minecraft:rotten_flesh":2,"minecraft:gray_wool":3,"minecraft:oak_sapling":1,"minecraft:coal":3,"minecraft:cobblestone":15},"minecraft:killed_by":{"minecraft:zombie":2},"minecraft:custom":{"minecraft:time_since_rest":7769,"minecraft:sprint_one_cm":41150,"minecraft:damage_taken":1314,"minecraft:walk_one_cm":33136,"minecraft:mob_kills":12,"minecraft:damage_dealt":3390,"minecraft:interact_with_crafting_table":6,"minecraft:fly_one_cm":22642,"minecraft:open_chest":10,"minecraft:crouch_one_cm":1371,"minecraft:play_time":180148,"minecraft:deaths":7,"minecraft:sneak_time":595,"minecraft:jump":211,"minecraft:leave_game":4,"minecraft:walk_on_water_one_cm":2134,"minecraft:time_since_death":7745,"minecraft:climb_one_cm":23901,"minecraft:total_world_time":180148,"minecraft:fall_one_cm":5456},"minecraft:used":{"minecraft:wooden_pickaxe":18,"minecraft:torch":7,"minecraft:wooden_sword":12,"minecraft:dirt":4,"minecraft:cobblestone":2,"minecraft:crafting_table":2,"minecraft:gray_bed":1},"minecraft:killed":{"minecraft:skeleton":10,"minecraft:zombie":2},"minecraft:mined":{"minecraft:gray_wool":3,"minecraft:birch_log":3,"minecraft:birch_leaves":7,"minecraft:coal_ore":3,"minecraft:grass_block":5,"minecraft:oak_log":3,"minecraft:dirt":1,"minecraft:stone":15,"minecraft:oak_leaves":14,"minecraft:tripwire":3}},"DataVersion":3465}