{"stats":{"minecraft:crafted":{"minecraft:oak_planks":68,"minecraft:crafting_table":3,"minecraft:wooden_pickaxe":1,"minecraft:iron_helmet":1,"minecraft:iron_sword":1,"minecraft:furnace":1,"minecraft:bucket":1,"minecraft:air":0,"minecraft:jungle_planks":84,"minecraft:diamond_pickaxe":1,"minecraft:iron_boots":1,"minecraft:iron_chestplate":1,"minecraft:shield":1,"minecraft:iron_axe":1,"minecraft:stick":16,"minecraft:iron_ingot":26,"minecraft:stone_pickaxe":1,"minecraft:iron_leggings":1,"minecraft:torch":16},"minecraft:used":{"minecraft:water_bucket":43,"minecraft:red_nether_bricks":3,"minecraft:stone_pickaxe":78,"minecraft:oak_planks":66,"minecraft:shield":7,"minecraft:wooden_pickaxe":10,"minecraft:iron_sword":49,"minecraft:stripped_jungle_wood":4,"minecraft:torch":34,"minecraft:golden_apple":2,"minecraft:dirt":7,"minecraft:crafting_table":6,"minecraft:jungle_planks":23,"minecraft:carrot":23,"minecraft:diamond_pickaxe":13,"minecraft:iron_axe":61,"minecraft:bread":21,"minecraft:map":1,"minecraft:cobblestone":9,"travelersbackpack:standard":1,"minecraft:furnace":2,"minecraft:bucket":44,"minecraft:cooked_beef":9,"minecraft:pumpkin":3},"minecraft:picked_up":{"minecraft:iron_chestplate":3,"minecraft:crafting_table":4,"minecraft:wheat":13,"minecraft:cooked_beef":1,"minecraft:splash_potion":1,"minecraft:golden_carrot":7,"minecraft:nether_wart":2,"minecraft:water_bucket":1,"minecraft:jungle_log":12,"minecraft:leather":5,"minecraft:wooden_pickaxe":6,"minecraft:filled_map":4,"minecraft:potion":1,"minecraft:diamond_horse_armor":2,"minecraft:oak_log":17,"minecraft:golden_sword":1,"minecraft:shield":1,"minecraft:wither_skeleton_skull":2,"minecraft:cobblestone_stairs":3,"minecraft:dirt":7,"minecraft:paper":48,"minecraft:iron_axe":3,"minecraft:flint_and_steel":1,"minecraft:red_nether_bricks":12,"minecraft:iron_leggings":3,"minecraft:bone":18,"minecraft:wheat_seeds":5,"minecraft:bucket":3,"minecraft:iron_ingot":3,"minecraft:iron_sword":4,"minecraft:oak_planks":85,"minecraft:furnace":1,"minecraft:raw_iron":35,"minecraft:stripped_mangrove_wood":2,"minecraft:torch":2,"minecraft:sand":1,"minecraft:jungle_planks":24,"minecraft:porkchop":41,"minecraft:carrot":14,"minecraft:iron_horse_armor":1,"minecraft:golden_chestplate":2,"minecraft:leather_helmet":3,"minecraft:arrow":13,"minecraft:rotten_flesh":5,"minecraft:diamond":3,"minecraft:peony":6,"minecraft:rib_armor_trim_smithing_template":3,"minecraft:stripped_jungle_wood":13,"minecraft:iron_helmet":3,"minecraft:golden_apple":5,"minecraft:golden_horse_armor":1,"minecraft:gold_ingot":4,"minecraft:bread":129,"minecraft:coal":141,"minecraft:cobblestone":23},"minecraft:mined":{"minecraft:sandstone_slab":1,"minecraft:jungle_leaves":1,"minecraft:red_nether_bricks":5,"minecraft:crafting_table":2,"minecraft:red_sand":1,"minecraft:grass_block":4,"minecraft:stripped_jungle_wood":13,"minecraft:jungle_log":12,"minecraft:white_stained_glass":7,"minecraft:tall_grass":5,"minecraft:wall_torch":1,"minecraft:spawner":4,"minecraft:furnace":1,"minecraft:wheat":1,"minecraft:iron_ore":28,"minecraft:peony":6,"minecraft:grass":6,"minecraft:pointed_dripstone":1,"minecraft:coal_ore":22,"minecraft:oak_log":21,"minecraft:vine":6,"minecraft:sand":1,"minecraft:dirt":3,"minecraft:stone":27,"minecraft:stripped_mangrove_wood":2,"minecraft:oak_leaves":16},"minecraft:killed_by":{"minecraft:hoglin":1,"minecraft:wither_skeleton":3},"minecraft:killed":{"minecraft:husk":6,"minecraft:spider":2,"minecraft:hoglin":6,"minecraft:phantom":1,"minecraft:skeleton":9,"minecraft:wither_skeleton":6},"minecraft:dropped":{"minecraft:cooked_beef":1,"minecraft:oak_planks":3,"minecraft:wooden_pickaxe":1},"minecraft:custom":{"minecraft:interact_with_furnace":18,"minecraft:mob_kills":30,"minecraft:interact_with_crafting_table":23,"minecraft:open_barrel":5,"minecraft:time_since_death":35656,"minecraft:sleep_in_bed":3,"minecraft:climb_one_cm":7705,"minecraft:time_since_rest":27213,"minecraft:sprint_one_cm":342925,"minecraft:damage_absorbed":80,"minecraft:damage_taken":3929,"minecraft:walk_one_cm":66842,"minecraft:damage_blocked_by_shield":420,"minecraft:drop":3,"minecraft:damage_dealt":10019,"minecraft:talked_to_villager":1,"minecraft:swim_one_cm":31093,"minecraft:fly_one_cm":291817,"minecraft:open_chest":49,"minecraft:crouch_one_cm":4385,"minecraft:play_time":65875,"minecraft:deaths":4,"minecraft:sneak_time":1744,"minecraft:walk_under_water_one_cm":35717,"minecraft:interact_with_lectern":1,"minecraft:jump":1459,"minecraft:interact_with_blast_furnace":1,"minecraft:walk_on_water_one_cm":12216,"minecraft:total_world_time":65875,"minecraft:fall_one_cm":71720,"minecraft:horse_one_cm":604}},"DataVersion":3465}