{"stats":{"minecraft:crafted":{"minecraft:oak_planks":20,"minecraft:crafting_table":1,"minecraft:stick":8,"minecraft:wooden_pickaxe":1,"minecraft:stone_pickaxe":1},"minecraft:used":{"minecraft:cobblestone":2,"minecraft:crafting_table":1,"minecraft:bread":2,"minecraft:stone_pickaxe":36,"minecraft:map":1,"minecraft:oak_planks":3,"minecraft:wooden_pickaxe":3},"minecraft:picked_up":{"minecraft:raw_iron":16,"minecraft:wheat":3,"minecraft:wheat_seeds":5,"minecraft:peony":6,"minecraft:oak_log":5,"minecraft:coal":7,"minecraft:cobblestone":11},"minecraft:mined":{"minecraft:grass":3,"minecraft:coal_ore":7,"minecraft:oak_log":5,"minecraft:white_stained_glass":7,"minecraft:iron_ore":17,"minecraft:tall_grass":3,"minecraft:stone":11,"minecraft:peony":6},"minecraft:custom":{"minecraft:open_barrel":1,"minecraft:open_chest":2,"minecraft:time_since_rest":5875,"minecraft:crouch_one_cm":725,"minecraft:play_time":5875,"minecraft:sprint_one_cm":23107,"minecraft:damage_taken":100,"minecraft:walk_one_cm":5619,"minecraft:sneak_time":301,"minecraft:walk_under_water_one_cm":813,"minecraft:jump":110,"minecraft:damage_dealt":6,"minecraft:time_since_death":5875,"minecraft:walk_on_water_one_cm":2413,"minecraft:total_world_time":5875,"minecraft:climb_one_cm":869,"minecraft:interact_with_crafting_table":2,"minecraft:swim_one_cm":1857,"minecraft:fly_one_cm":20798,"minecraft:fall_one_cm":3616}},"DataVersion":3465}