{"stats":{"minecraft:crafted":{"minecraft:oak_planks":68,"minecraft:crafting_table":1,"minecraft:wooden_pickaxe":1,"minecraft:iron_helmet":1,"minecraft:iron_sword":1,"minecraft:furnace":1,"minecraft:bucket":1,"minecraft:air":0,"minecraft:jungle_planks":84,"minecraft:iron_boots":1,"minecraft:iron_chestplate":1,"minecraft:shield":1,"minecraft:iron_axe":1,"minecraft:stick":8,"minecraft:iron_ingot":26,"minecraft:stone_pickaxe":1,"minecraft:iron_leggings":1},"minecraft:used":{"minecraft:water_bucket":37,"minecraft:stone_pickaxe":78,"minecraft:oak_planks":66,"minecraft:wooden_pickaxe":4,"minecraft:iron_sword":25,"minecraft:stripped_jungle_wood":4,"minecraft:golden_apple":1,"minecraft:dirt":7,"minecraft:crafting_table":4,"minecraft:jungle_planks":13,"minecraft:iron_axe":61,"minecraft:bread":4,"minecraft:map":1,"minecraft:cobblestone":4,"minecraft:furnace":2,"minecraft:bucket":37,"minecraft:cooked_beef":9,"minecraft:pumpkin":3},"minecraft:picked_up":{"minecraft:iron_chestplate":2,"minecraft:crafting_table":4,"minecraft:wheat":9,"minecraft:cooked_beef":1,"minecraft:jungle_log":12,"minecraft:leather":5,"minecraft:wooden_pickaxe":4,"minecraft:filled_map":3,"minecraft:potion":1,"minecraft:diamond_horse_armor":1,"minecraft:oak_log":17,"minecraft:shield":1,"minecraft:wither_skeleton_skull":1,"minecraft:cobblestone_stairs":2,"minecraft:dirt":7,"minecraft:paper":36,"minecraft:iron_axe":2,"minecraft:red_nether_bricks":9,"minecraft:iron_leggings":2,"minecraft:bone":8,"minecraft:wheat_seeds":5,"minecraft:bucket":3,"minecraft:iron_ingot":2,"minecraft:iron_sword":3,"minecraft:oak_planks":79,"minecraft:furnace":1,"minecraft:raw_iron":33,"minecraft:stripped_mangrove_wood":2,"minecraft:torch":1,"minecraft:porkchop":25,"minecraft:leather_helmet":3,"minecraft:arrow":6,"minecraft:rotten_flesh":5,"minecraft:peony":6,"minecraft:rib_armor_trim_smithing_template":1,"minecraft:stripped_jungle_wood":13,"minecraft:iron_helmet":2,"minecraft:gold_ingot":2,"minecraft:bread":87,"minecraft:coal":115,"minecraft:cobblestone":15},"minecraft:mined":{"minecraft:jungle_leaves":1,"minecraft:red_nether_bricks":3,"minecraft:crafting_table":2,"minecraft:grass_block":4,"minecraft:stripped_jungle_wood":13,"minecraft:jungle_log":12,"minecraft:white_stained_glass":7,"minecraft:tall_grass":5,"minecraft:spawner":3,"minecraft:furnace":1,"minecraft:iron_ore":26,"minecraft:peony":6,"minecraft:grass":6,"minecraft:coal_ore":22,"minecraft:oak_log":21,"minecraft:vine":6,"minecraft:dirt":3,"minecraft:stone":16,"minecraft:stripped_mangrove_wood":2,"minecraft:oak_leaves":10},"minecraft:killed_by":{"minecraft:hoglin":1,"minecraft:wither_skeleton":2},"minecraft:killed":{"minecraft:husk":6,"minecraft:hoglin":6,"minecraft:phantom":1,"minecraft:skeleton":2,"minecraft:wither_skeleton":6},"minecraft:dropped":{"minecraft:cooked_beef":1},"minecraft:custom":{"minecraft:interact_with_furnace":17,"minecraft:mob_kills":21,"minecraft:interact_with_crafting_table":21,"minecraft:open_barrel":5,"minecraft:time_since_death":3464,"minecraft:sleep_in_bed":2,"minecraft:climb_one_cm":6523,"minecraft:time_since_rest":3489,"minecraft:sprint_one_cm":110215,"minecraft:damage_absorbed":40,"minecraft:damage_taken":2207,"minecraft:walk_one_cm":35678,"minecraft:drop":1,"minecraft:damage_dealt":8637,"minecraft:swim_one_cm":23629,"minecraft:fly_one_cm":50092,"minecraft:open_chest":7,"minecraft:crouch_one_cm":4079,"minecraft:play_time":29875,"minecraft:deaths":3,"minecraft:sneak_time":1553,"minecraft:walk_under_water_one_cm":32232,"minecraft:interact_with_lectern":1,"minecraft:jump":430,"minecraft:interact_with_blast_furnace":1,"minecraft:walk_on_water_one_cm":6739,"minecraft:total_world_time":29875,"minecraft:fall_one_cm":23646}},"DataVersion":3465}