{"stats":{"minecraft:crafted":{"minecraft:oak_planks":68,"minecraft:crafting_table":3,"minecraft:wooden_pickaxe":1,"minecraft:iron_helmet":1,"minecraft:iron_sword":1,"minecraft:furnace":1,"minecraft:bucket":1,"minecraft:air":0,"minecraft:jungle_planks":88,"minecraft:diamond_pickaxe":1,"minecraft:iron_boots":1,"minecraft:iron_chestplate":1,"minecraft:shield":1,"minecraft:iron_axe":1,"minecraft:stick":16,"minecraft:iron_ingot":26,"minecraft:stone_pickaxe":1,"minecraft:iron_leggings":1,"minecraft:torch":16},"minecraft:used":{"minecraft:water_bucket":48,"minecraft:red_nether_bricks":3,"minecraft:stone_pickaxe":78,"minecraft:oak_planks":66,"minecraft:shield":9,"minecraft:wooden_pickaxe":10,"minecraft:iron_sword":56,"minecraft:stripped_jungle_wood":4,"minecraft:torch":34,"minecraft:golden_apple":2,"minecraft:dirt":7,"minecraft:crafting_table":6,"minecraft:jungle_planks":27,"minecraft:carrot":23,"minecraft:granite":1,"minecraft:diamond_pickaxe":23,"minecraft:iron_axe":61,"minecraft:bread":35,"minecraft:map":1,"minecraft:diamond_sword":1,"minecraft:golden_carrot":1,"minecraft:cobblestone":9,"travelersbackpack:standard":1,"minecraft:furnace":2,"minecraft:bucket":49,"minecraft:cooked_beef":9,"minecraft:pumpkin":3},"minecraft:picked_up":{"minecraft:chicken":1,"minecraft:clock":2,"minecraft:iron_chestplate":6,"minecraft:crafting_table":4,"minecraft:wheat":13,"minecraft:cooked_beef":1,"minecraft:splash_potion":1,"minecraft:golden_carrot":32,"minecraft:nether_wart":2,"minecraft:water_bucket":3,"minecraft:jungle_log":13,"minecraft:leather":5,"minecraft:wooden_pickaxe":6,"minecraft:enchanted_book":2,"minecraft:filled_map":7,"minecraft:potion":1,"minecraft:diamond_horse_armor":2,"minecraft:flint":3,"minecraft:golden_boots":1,"minecraft:oak_log":17,"minecraft:gunpowder":15,"minecraft:golden_sword":1,"minecraft:shield":4,"minecraft:wither_skeleton_skull":2,"minecraft:cobblestone_stairs":3,"travelersbackpack:gold_tier_upgrade":3,"minecraft:dirt":13,"minecraft:paper":48,"minecraft:iron_axe":3,"minecraft:flint_and_steel":1,"minecraft:red_nether_bricks":12,"minecraft:iron_leggings":5,"minecraft:bone":60,"minecraft:wheat_seeds":5,"minecraft:bucket":3,"minecraft:bell":2,"minecraft:iron_ingot":9,"minecraft:iron_ore":58,"minecraft:iron_nugget":6,"minecraft:iron_boots":3,"minecraft:iron_sword":4,"minecraft:oak_planks":85,"minecraft:furnace":1,"minecraft:raw_iron":35,"minecraft:stripped_mangrove_wood":2,"minecraft:gravel":8,"minecraft:torch":52,"minecraft:sand":4,"minecraft:jungle_planks":24,"minecraft:porkchop":41,"minecraft:carrot":14,"minecraft:iron_horse_armor":4,"minecraft:golden_chestplate":4,"minecraft:leather_helmet":3,"travelersbackpack:standard":3,"minecraft:arrow":24,"minecraft:rotten_flesh":13,"minecraft:diamond":3,"minecraft:golden_hoe":1,"minecraft:peony":6,"minecraft:rib_armor_trim_smithing_template":3,"minecraft:stripped_jungle_wood":13,"minecraft:iron_helmet":6,"minecraft:granite":4,"minecraft:golden_apple":5,"minecraft:golden_horse_armor":1,"minecraft:gold_ingot":4,"minecraft:bread":168,"minecraft:glow_berries":3,"minecraft:coal":151,"minecraft:diamond_pickaxe":3,"minecraft:cobblestone":46},"minecraft:mined":{"minecraft:sandstone_slab":1,"travelersbackpack:standard":2,"minecraft:jungle_leaves":3,"minecraft:red_nether_bricks":5,"minecraft:crafting_table":2,"minecraft:red_sand":1,"minecraft:grass_block":4,"minecraft:stripped_jungle_wood":13,"minecraft:jungle_log":12,"minecraft:white_stained_glass":7,"minecraft:tall_grass":5,"minecraft:wall_torch":1,"minecraft:spawner":4,"minecraft:furnace":1,"minecraft:wheat":1,"minecraft:iron_ore":28,"minecraft:peony":6,"minecraft:grass":6,"minecraft:pointed_dripstone":1,"minecraft:coal_ore":22,"minecraft:oak_log":21,"minecraft:vine":6,"minecraft:sand":1,"minecraft:dirt":5,"minecraft:stone":32,"minecraft:stripped_mangrove_wood":2,"minecraft:oak_leaves":17},"minecraft:killed":{"minecraft:husk":12,"minecraft:spider":2,"minecraft:hoglin":6,"minecraft:phantom":1,"minecraft:skeleton":14,"minecraft:wither_skeleton":6},"minecraft:killed_by":{"minecraft:husk":2,"minecraft:hoglin":1,"minecraft:wither_skeleton":3},"minecraft:dropped":{"minecraft:cooked_beef":1,"minecraft:iron_helmet":1,"minecraft:oak_planks":3,"minecraft:iron_leggings":1,"minecraft:wooden_pickaxe":1},"minecraft:custom":{"minecraft:interact_with_furnace":18,"minecraft:mob_kills":41,"minecraft:interact_with_crafting_table":23,"minecraft:open_barrel":14,"minecraft:leave_game":1,"minecraft:time_since_death":6035,"minecraft:sleep_in_bed":3,"minecraft:climb_one_cm":8788,"minecraft:time_since_rest":6075,"minecraft:sprint_one_cm":409894,"minecraft:damage_absorbed":80,"minecraft:damage_taken":5439,"minecraft:walk_one_cm":81706,"minecraft:damage_blocked_by_shield":480,"minecraft:drop":5,"minecraft:damage_dealt":14231,"minecraft:talked_to_villager":1,"minecraft:swim_one_cm":109886,"minecraft:fly_one_cm":362724,"minecraft:open_chest":53,"minecraft:crouch_one_cm":4385,"minecraft:play_time":81807,"minecraft:deaths":7,"minecraft:sneak_time":2283,"minecraft:walk_under_water_one_cm":42868,"minecraft:interact_with_lectern":1,"minecraft:jump":1842,"minecraft:interact_with_blast_furnace":1,"minecraft:walk_on_water_one_cm":17085,"minecraft:total_world_time":81807,"minecraft:fall_one_cm":82815,"minecraft:horse_one_cm":604}},"DataVersion":3465}