{"stats":{"minecraft:mined":{"minecraft:dark_oak_planks":1,"minecraft:jungle_leaves":2,"minecraft:clay":5,"minecraft:grass_block":3,"minecraft:nether_brick_slab":1,"minecraft:copper_ore":1,"minecraft:tall_grass":8,"minecraft:moss_block":1,"minecraft:sugar_cane":24,"minecraft:mangrove_propagule":1,"minecraft:spawner":7,"minecraft:hay_block":4,"minecraft:iron_ore":6,"minecraft:wheat":45,"minecraft:mangrove_leaves":1,"minecraft:grass":11,"minecraft:deepslate_brick_stairs":1,"minecraft:stone":1,"minecraft:tripwire":1,"minecraft:oak_leaves":2,"minecraft:iron_trapdoor":1},"minecraft:crafted":{"minecraft:cooked_salmon":3,"minecraft:bread":44,"minecraft:air":0,"minecraft:wheat":72},"minecraft:picked_up":{"minecraft:leather_chestplate":4,"minecraft:wheat":184,"minecraft:feather":6,"minecraft:chainmail_boots":2,"minecraft:clay_ball":12,"minecraft:iron_trapdoor":4,"minecraft:redstone_lamp":1,"minecraft:turtle_helmet":2,"minecraft:water_bucket":11,"minecraft:salmon":10,"minecraft:leather_leggings":9,"minecraft:leather":24,"minecraft:golden_leggings":8,"minecraft:potato":42,"minecraft:potion":9,"minecraft:enchanted_book":6,"minecraft:flint":6,"minecraft:golden_sword":2,"minecraft:dirt":3,"minecraft:lantern":1,"minecraft:cooked_salmon":1,"minecraft:item_frame":7,"minecraft:beetroot_soup":1,"minecraft:iron_leggings":6,"minecraft:cooked_mutton":5,"minecraft:armor_stand":4,"minecraft:experience_bottle":8,"minecraft:bone":58,"minecraft:cyan_carpet":35,"minecraft:apple":3,"minecraft:gray_carpet":11,"minecraft:wheat_seeds":223,"minecraft:bucket":2,"minecraft:beef":32,"minecraft:iron_ingot":23,"minecraft:spruce_slab":2,"minecraft:player_head":1,"minecraft:iron_pickaxe":6,"minecraft:diamond_helmet":2,"minecraft:glass_bottle":7,"minecraft:sugar_cane":230,"minecraft:iron_sword":9,"minecraft:iron_boots":6,"minecraft:book":30,"minecraft:golden_helmet":2,"minecraft:raw_iron":6,"minecraft:stick":91,"minecraft:torch":2,"minecraft:bowl":7,"minecraft:lava_bucket":1,"minecraft:fire_charge":6,"minecraft:dark_oak_planks":3,"minecraft:arrow":58,"minecraft:rotten_flesh":120,"minecraft:golden_hoe":7,"minecraft:hay_block":16,"minecraft:iron_helmet":5,"minecraft:golden_apple":6,"minecraft:emerald":4,"minecraft:saddle":1,"minecraft:gold_ingot":27,"minecraft:bread":133,"minecraft:obsidian":4,"minecraft:melon_seeds":1,"minecraft:coal":38,"minecraft:cod":4},"minecraft:killed":{"minecraft:husk":34,"minecraft:creeper":1,"minecraft:skeleton":32,"minecraft:zombie":5,"minecraft:drowned":1,"minecraft:cow":3},"minecraft:custom":{"minecraft:interact_with_furnace":4,"minecraft:mob_kills":77,"minecraft:interact_with_crafting_table":2,"minecraft:open_barrel":4,"minecraft:damage_dealt_resisted":4844,"minecraft:eat_cake_slice":6,"minecraft:leave_game":1,"minecraft:time_since_death":11818,"minecraft:climb_one_cm":26518,"minecraft:sleep_in_bed":3,"minecraft:damage_resisted":137,"minecraft:time_since_rest":11852,"minecraft:sprint_one_cm":363800,"minecraft:damage_absorbed":40,"minecraft:damage_taken":5559,"minecraft:walk_one_cm":112566,"minecraft:drop":23,"minecraft:damage_dealt":21714,"minecraft:swim_one_cm":95638,"minecraft:talked_to_villager":1,"minecraft:fly_one_cm":380123,"minecraft:player_kills":1,"minecraft:open_chest":30,"minecraft:crouch_one_cm":4907,"minecraft:play_time":74951,"minecraft:deaths":8,"minecraft:sneak_time":2029,"minecraft:walk_under_water_one_cm":11516,"minecraft:jump":1636,"minecraft:interact_with_blast_furnace":3,"minecraft:walk_on_water_one_cm":48493,"minecraft:total_world_time":74951,"minecraft:fall_one_cm":42169},"minecraft:used":{"minecraft:cooked_mutton":2,"minecraft:wheat_seeds":27,"minecraft:water_bucket":51,"minecraft:armor_stand":3,"minecraft:glass_bottle":119,"minecraft:iron_sword":193,"minecraft:golden_apple":1,"minecraft:sugar_cane":2,"minecraft:cooked_salmon":3,"minecraft:golden_hoe":4,"minecraft:salmon":1,"minecraft:dirt":3,"minecraft:cod":7,"minecraft:apple":2,"minecraft:bread":48,"minecraft:iron_pickaxe":20,"minecraft:golden_helmet":1,"minecraft:barrel":1,"minecraft:golden_leggings":1,"minecraft:potion":117,"minecraft:bucket":51,"minecraft:pumpkin_pie":4,"minecraft:air":3,"minecraft:beetroot_soup":1},"minecraft:dropped":{"minecraft:bread":6,"minecraft:wheat_seeds":63,"minecraft:bowl":1,"minecraft:iron_helmet":1,"minecraft:lantern":1,"minecraft:iron_boots":1,"minecraft:saddle":1,"minecraft:item_frame":2,"minecraft:lava_bucket":1,"minecraft:leather_chestplate":1,"minecraft:iron_trapdoor":1,"minecraft:melon_seeds":1,"minecraft:golden_leggings":1,"minecraft:golden_sword":1,"minecraft:leather_leggings":2,"minecraft:spruce_slab":2,"minecraft:gray_carpet":3,"minecraft:armor_stand":1,"minecraft:egg":1},"minecraft:killed_by":{"minecraft:husk":1,"minecraft:skeleton":1}},"DataVersion":3465}