{"stats":{"minecraft:crafted":{"minecraft:oak_planks":52,"minecraft:iron_boots":1,"minecraft:iron_chestplate":1,"minecraft:shield":1,"minecraft:iron_axe":1,"minecraft:crafting_table":1,"minecraft:stick":8,"minecraft:iron_ingot":19,"minecraft:wooden_pickaxe":1,"minecraft:stone_pickaxe":1,"minecraft:iron_sword":1,"minecraft:iron_leggings":1,"minecraft:furnace":1,"minecraft:air":0,"minecraft:jungle_planks":24},"minecraft:used":{"minecraft:iron_axe":25,"minecraft:stone_pickaxe":78,"minecraft:bread":2,"minecraft:oak_planks":3,"minecraft:map":1,"minecraft:wooden_pickaxe":3,"minecraft:iron_sword":11,"minecraft:dirt":6,"minecraft:cobblestone":4,"minecraft:crafting_table":2,"minecraft:furnace":1,"minecraft:cooked_beef":6},"minecraft:picked_up":{"minecraft:stripped_mangrove_wood":2,"minecraft:crafting_table":2,"minecraft:raw_iron":33,"minecraft:wheat":3,"minecraft:cooked_beef":1,"minecraft:jungle_log":6,"minecraft:potion":1,"minecraft:oak_log":13,"minecraft:dirt":7,"minecraft:red_nether_bricks":3,"minecraft:bone":3,"minecraft:arrow":2,"minecraft:rotten_flesh":5,"minecraft:peony":6,"minecraft:wheat_seeds":5,"minecraft:coal":41,"minecraft:cobblestone":15,"minecraft:furnace":1},"minecraft:mined":{"minecraft:furnace":1,"minecraft:iron_ore":26,"minecraft:red_nether_bricks":3,"minecraft:crafting_table":2,"minecraft:peony":6,"minecraft:jungle_log":6,"minecraft:grass":6,"minecraft:grass_block":4,"minecraft:oak_log":17,"minecraft:coal_ore":22,"minecraft:vine":4,"minecraft:white_stained_glass":7,"minecraft:dirt":3,"minecraft:tall_grass":5,"minecraft:stripped_mangrove_wood":2,"minecraft:stone":16,"minecraft:spawner":3},"minecraft:killed":{"minecraft:skeleton":2,"minecraft:husk":6},"minecraft:dropped":{"minecraft:cooked_beef":1},"minecraft:custom":{"minecraft:time_since_rest":10924,"minecraft:interact_with_furnace":14,"minecraft:sprint_one_cm":88591,"minecraft:damage_taken":575,"minecraft:walk_one_cm":24614,"minecraft:mob_kills":8,"minecraft:drop":1,"minecraft:damage_dealt":2836,"minecraft:swim_one_cm":1857,"minecraft:interact_with_crafting_table":18,"minecraft:fly_one_cm":34240,"minecraft:open_barrel":1,"minecraft:open_chest":4,"minecraft:crouch_one_cm":812,"minecraft:play_time":17875,"minecraft:sneak_time":335,"minecraft:walk_under_water_one_cm":813,"minecraft:interact_with_lectern":1,"minecraft:jump":256,"minecraft:interact_with_blast_furnace":1,"minecraft:walk_on_water_one_cm":2413,"minecraft:time_since_death":17875,"minecraft:sleep_in_bed":1,"minecraft:climb_one_cm":1727,"minecraft:total_world_time":17875,"minecraft:fall_one_cm":8394}},"DataVersion":3465}