{"stats":{"minecraft:mined":{"minecraft:dark_oak_planks":1,"minecraft:grass_block":2,"minecraft:nether_brick_slab":1,"minecraft:tall_grass":8,"minecraft:sugar_cane":24,"minecraft:mangrove_propagule":1,"minecraft:spawner":3,"minecraft:hay_block":4,"minecraft:wheat":45,"minecraft:mangrove_leaves":1,"minecraft:grass":9,"minecraft:deepslate_brick_stairs":1,"minecraft:iron_trapdoor":1,"minecraft:oak_leaves":1},"minecraft:crafted":{"minecraft:cooked_salmon":3,"minecraft:bread":44,"minecraft:air":0,"minecraft:wheat":72},"minecraft:picked_up":{"minecraft:leather_chestplate":3,"minecraft:wheat":167,"minecraft:feather":6,"minecraft:chainmail_boots":1,"minecraft:iron_trapdoor":3,"minecraft:turtle_helmet":1,"minecraft:water_bucket":9,"minecraft:salmon":9,"minecraft:leather_leggings":9,"minecraft:leather":21,"minecraft:golden_leggings":7,"minecraft:potato":35,"minecraft:potion":7,"minecraft:enchanted_book":6,"minecraft:flint":5,"minecraft:golden_sword":2,"minecraft:dirt":2,"minecraft:lantern":1,"minecraft:cooked_salmon":1,"minecraft:iron_leggings":5,"minecraft:beetroot_soup":1,"minecraft:armor_stand":4,"minecraft:cooked_mutton":5,"minecraft:item_frame":6,"minecraft:cyan_carpet":24,"minecraft:bone":21,"minecraft:experience_bottle":7,"minecraft:apple":3,"minecraft:gray_carpet":8,"minecraft:wheat_seeds":222,"minecraft:bucket":2,"minecraft:iron_ingot":1,"minecraft:beef":28,"minecraft:diamond_helmet":1,"minecraft:player_head":1,"minecraft:iron_pickaxe":5,"minecraft:glass_bottle":7,"minecraft:sugar_cane":202,"minecraft:iron_sword":8,"minecraft:iron_boots":6,"minecraft:book":26,"minecraft:golden_helmet":2,"minecraft:stick":78,"minecraft:torch":2,"minecraft:bowl":6,"minecraft:lava_bucket":1,"minecraft:fire_charge":5,"minecraft:dark_oak_planks":3,"minecraft:arrow":32,"minecraft:rotten_flesh":91,"minecraft:golden_hoe":6,"minecraft:iron_helmet":5,"minecraft:hay_block":16,"minecraft:golden_apple":4,"minecraft:gold_ingot":5,"minecraft:saddle":1,"minecraft:bread":122,"minecraft:emerald":4,"minecraft:melon_seeds":1,"minecraft:coal":20,"minecraft:cod":4},"minecraft:killed":{"minecraft:husk":34,"minecraft:skeleton":7,"minecraft:zombie":3,"minecraft:drowned":1,"minecraft:cow":3},"minecraft:custom":{"minecraft:interact_with_furnace":4,"minecraft:mob_kills":49,"minecraft:interact_with_crafting_table":2,"minecraft:open_barrel":4,"minecraft:damage_dealt_resisted":4844,"minecraft:eat_cake_slice":6,"minecraft:leave_game":1,"minecraft:time_since_death":15079,"minecraft:sleep_in_bed":3,"minecraft:climb_one_cm":5709,"minecraft:damage_resisted":137,"minecraft:time_since_rest":13738,"minecraft:sprint_one_cm":300348,"minecraft:damage_taken":4237,"minecraft:walk_one_cm":76546,"minecraft:drop":18,"minecraft:damage_dealt":15990,"minecraft:swim_one_cm":70723,"minecraft:talked_to_villager":1,"minecraft:fly_one_cm":286022,"minecraft:player_kills":1,"minecraft:open_chest":21,"minecraft:crouch_one_cm":1520,"minecraft:play_time":54733,"minecraft:deaths":7,"minecraft:sneak_time":935,"minecraft:walk_under_water_one_cm":8900,"minecraft:jump":1217,"minecraft:interact_with_blast_furnace":3,"minecraft:walk_on_water_one_cm":32256,"minecraft:total_world_time":54733,"minecraft:fall_one_cm":27906},"minecraft:used":{"minecraft:wheat_seeds":27,"minecraft:cooked_mutton":2,"minecraft:water_bucket":25,"minecraft:armor_stand":3,"minecraft:glass_bottle":79,"minecraft:iron_sword":158,"minecraft:sugar_cane":2,"minecraft:cooked_salmon":3,"minecraft:salmon":1,"minecraft:golden_hoe":4,"minecraft:dirt":2,"minecraft:cod":7,"minecraft:apple":2,"minecraft:bread":26,"minecraft:iron_pickaxe":7,"minecraft:barrel":1,"minecraft:golden_leggings":1,"minecraft:golden_helmet":1,"minecraft:potion":77,"minecraft:bucket":25,"minecraft:pumpkin_pie":4,"minecraft:air":3,"minecraft:beetroot_soup":1},"minecraft:dropped":{"minecraft:bread":6,"minecraft:wheat_seeds":62,"minecraft:iron_helmet":1,"minecraft:iron_boots":1,"minecraft:lantern":1,"minecraft:saddle":1,"minecraft:item_frame":2,"minecraft:lava_bucket":1,"minecraft:leather_chestplate":1,"minecraft:melon_seeds":1,"minecraft:golden_leggings":1,"minecraft:leather_leggings":2,"minecraft:golden_sword":1,"minecraft:armor_stand":1,"minecraft:egg":1},"minecraft:killed_by":{"minecraft:husk":1,"minecraft:skeleton":1}},"DataVersion":3465}