{"stats":{"minecraft:custom":{"minecraft:interact_with_smithing_table":3,"minecraft:mob_kills":198,"minecraft:interact_with_crafting_table":26,"minecraft:open_barrel":20,"minecraft:leave_game":3,"minecraft:time_since_death":25986,"minecraft:climb_one_cm":9437,"minecraft:damage_resisted":7923,"minecraft:sprint_one_cm":569158,"minecraft:walk_one_cm":204362,"minecraft:damage_blocked_by_shield":615,"minecraft:drop":29,"minecraft:talked_to_villager":1,"minecraft:play_time":124262,"minecraft:deaths":10,"minecraft:sneak_time":3405,"minecraft:walk_under_water_one_cm":46076,"minecraft:interact_with_lectern":1,"minecraft:jump":2562,"minecraft:interact_with_blast_furnace":1,"minecraft:walk_on_water_one_cm":19404,"minecraft:total_world_time":124262,"minecraft:interact_with_furnace":18,"minecraft:interact_with_cartography_table":1,"minecraft:tune_noteblock":1,"minecraft:sleep_in_bed":4,"minecraft:time_since_rest":3364,"minecraft:damage_taken":7297,"minecraft:damage_absorbed":120,"minecraft:damage_dealt":64474,"minecraft:swim_one_cm":120152,"minecraft:fly_one_cm":500963,"minecraft:open_chest":70,"minecraft:crouch_one_cm":6387,"minecraft:fall_one_cm":120733,"minecraft:horse_one_cm":604},"minecraft:killed_by":{"minecraft:husk":2,"minecraft:wither_skeleton":5,"minecraft:hoglin":1,"minecraft:phantom":1},"minecraft:killed":{"minecraft:spider":5,"minecraft:phantom":11,"minecraft:skeleton":30,"minecraft:husk":20,"minecraft:hoglin":28,"minecraft:creeper":11,"minecraft:zombie":25,"minecraft:wither_skeleton":64,"minecraft:enderman":2},"minecraft:picked_up":{"minecraft:iron_chestplate":7,"minecraft:crafting_table":4,"minecraft:wheat":13,"minecraft:splash_potion":1,"minecraft:chicken":2,"minecraft:nether_wart":2,"minecraft:diamond_sword":2,"minecraft:wooden_pickaxe":6,"minecraft:enchanted_book":9,"minecraft:potion":1,"minecraft:diamond_horse_armor":2,"minecraft:golden_sword":2,"minecraft:shield":6,"minecraft:iron_axe":3,"minecraft:netherite_scrap":4,"minecraft:flint_and_steel":1,"minecraft:red_nether_bricks":12,"minecraft:iron_leggings":7,"minecraft:experience_bottle":8,"minecraft:netherite_sword":5,"minecraft:bucket":3,"minecraft:player_head":4,"minecraft:ender_eye":6,"minecraft:iron_nugget":8,"minecraft:phantom_membrane":6,"minecraft:iron_boots":5,"minecraft:furnace":1,"minecraft:raw_iron":35,"minecraft:stripped_mangrove_wood":2,"minecraft:torch":76,"minecraft:porkchop":179,"minecraft:carrot":14,"minecraft:iron_horse_armor":5,"minecraft:golden_chestplate":7,"minecraft:arrow":26,"minecraft:rotten_flesh":57,"minecraft:vex_armor_trim_smithing_template":3,"minecraft:peony":6,"minecraft:golden_hoe":1,"minecraft:diamond_boots":1,"minecraft:saddle":3,"minecraft:gold_ingot":47,"minecraft:glow_berries":3,"minecraft:cobblestone":282,"minecraft:clock":2,"minecraft:cooked_beef":24,"minecraft:golden_carrot":40,"minecraft:water_bucket":3,"minecraft:jungle_log":13,"minecraft:leather":30,"minecraft:filled_map":7,"minecraft:flint":6,"minecraft:oak_log":17,"minecraft:chainmail_chestplate":3,"minecraft:golden_boots":1,"minecraft:cobblestone_stairs":3,"minecraft:gunpowder":23,"minecraft:wither_skeleton_skull":3,"travelersbackpack:gold_tier_upgrade":3,"minecraft:dirt":33,"minecraft:paper":48,"minecraft:bone":154,"minecraft:wheat_seeds":7,"minecraft:bell":2,"minecraft:iron_ingot":30,"minecraft:iron_ore":138,"minecraft:oak_planks":85,"minecraft:iron_sword":4,"minecraft:jungle_planks":24,"minecraft:gravel":10,"minecraft:sand":5,"minecraft:spruce_log":1,"minecraft:leather_helmet":3,"travelersbackpack:standard":5,"minecraft:diamond":13,"minecraft:netherite_helmet":3,"minecraft:rib_armor_trim_smithing_template":3,"minecraft:stripped_jungle_wood":13,"minecraft:iron_helmet":10,"minecraft:granite":4,"minecraft:golden_apple":11,"minecraft:golden_horse_armor":3,"minecraft:bread":279,"minecraft:coal":185,"minecraft:diamond_pickaxe":5},"minecraft:mined":{"minecraft:waxed_cut_copper_slab":1,"minecraft:jungle_leaves":3,"minecraft:red_nether_bricks":5,"minecraft:red_sand":1,"minecraft:grass_block":7,"minecraft:stripped_jungle_wood":13,"minecraft:jungle_log":12,"minecraft:white_stained_glass":7,"minecraft:spawner":20,"minecraft:furnace":1,"minecraft:iron_ore":28,"minecraft:andesite":1,"minecraft:peony":6,"minecraft:pointed_dripstone":1,"minecraft:vine":6,"minecraft:stone":88,"minecraft:stripped_mangrove_wood":2,"minecraft:sandstone_slab":1,"travelersbackpack:standard":4,"minecraft:crafting_table":2,"minecraft:calcite":6,"minecraft:tall_grass":7,"minecraft:cobblestone":8,"minecraft:wall_torch":1,"minecraft:gray_wool":1,"minecraft:purple_bed":1,"minecraft:wheat":1,"minecraft:spruce_log":1,"minecraft:grass":9,"minecraft:oak_log":21,"minecraft:coal_ore":22,"minecraft:cyan_carpet":1,"minecraft:sand":3,"minecraft:dirt":11,"minecraft:oak_leaves":17},"minecraft:dropped":{"minecraft:porkchop":16,"minecraft:wheat_seeds":2,"minecraft:cooked_beef":1,"minecraft:golden_horse_armor":1,"minecraft:cobblestone":36,"minecraft:iron_helmet":2,"minecraft:flint":1,"minecraft:dirt":11,"minecraft:netherite_scrap":2,"minecraft:iron_leggings":1,"minecraft:iron_axe":1,"minecraft:sand":1,"minecraft:gravel":2,"minecraft:iron_nugget":4,"minecraft:raw_iron":2,"minecraft:iron_boots":1,"minecraft:oak_planks":3,"minecraft:chainmail_chestplate":3,"minecraft:gunpowder":8,"minecraft:iron_chestplate":1,"minecraft:arrow":2,"minecraft:wooden_pickaxe":1},"minecraft:crafted":{"minecraft:oak_planks":68,"minecraft:furnace":1,"minecraft:iron_boots":1,"minecraft:iron_axe":1,"minecraft:stone_pickaxe":1,"minecraft:crafting_table":4,"minecraft:spruce_planks":4,"minecraft:wooden_pickaxe":1,"minecraft:iron_helmet":1,"minecraft:iron_sword":1,"minecraft:bucket":1,"minecraft:air":0,"minecraft:jungle_planks":88,"minecraft:iron_chestplate":1,"minecraft:diamond_pickaxe":1,"minecraft:shield":1,"minecraft:stick":16,"minecraft:iron_ingot":26,"minecraft:iron_leggings":1,"minecraft:torch":16,"minecraft:diamond_chestplate":1},"minecraft:used":{"minecraft:netherite_sword":101,"minecraft:shield":11,"minecraft:iron_sword":56,"minecraft:stripped_jungle_wood":4,"minecraft:torch":58,"minecraft:dirt":7,"minecraft:jungle_planks":27,"minecraft:chainmail_chestplate":1,"minecraft:carrot":23,"minecraft:golden_chestplate":1,"minecraft:granite":1,"minecraft:iron_axe":61,"minecraft:iron_helmet":1,"minecraft:golden_carrot":1,"minecraft:furnace":2,"minecraft:cooked_beef":15,"minecraft:zombified_piglin_spawn_egg":1,"minecraft:pumpkin":3,"minecraft:water_bucket":48,"minecraft:stone_pickaxe":78,"minecraft:oak_planks":66,"minecraft:red_nether_bricks":3,"minecraft:wooden_pickaxe":10,"minecraft:golden_apple":3,"minecraft:crafting_table":7,"minecraft:diamond_pickaxe":115,"minecraft:chicken":1,"minecraft:bread":49,"minecraft:map":1,"minecraft:diamond_sword":119,"minecraft:cobblestone":66,"travelersbackpack:standard":1,"minecraft:bucket":49}},"DataVersion":3465}