{"stats":{"minecraft:crafted":{"minecraft:wooden_sword":1,"minecraft:oak_planks":12,"minecraft:iron_boots":1,"minecraft:crafting_table":2,"minecraft:stick":12,"minecraft:wooden_pickaxe":1,"minecraft:iron_pickaxe":1,"minecraft:iron_sword":1,"minecraft:iron_leggings":1,"minecraft:torch":12,"minecraft:birch_planks":12,"minecraft:gray_bed":1},"minecraft:picked_up":{"minecraft:birch_log":3,"minecraft:stick":1,"travelersbackpack:melon":1,"minecraft:wooden_pickaxe":1,"minecraft:oak_log":3,"minecraft:dirt":10,"minecraft:string":3,"minecraft:wooden_sword":1,"minecraft:arrow":18,"minecraft:bone":18,"minecraft:rotten_flesh":2,"minecraft:gray_wool":3,"minecraft:oak_sapling":1,"minecraft:coal_block":1,"minecraft:coal":3,"minecraft:cobblestone":15},"minecraft:killed_by":{"minecraft:zombie":2},"minecraft:custom":{"minecraft:time_since_rest":65928,"minecraft:sprint_one_cm":50230,"minecraft:damage_taken":1520,"minecraft:walk_one_cm":39829,"minecraft:mob_kills":16,"minecraft:damage_dealt":4590,"minecraft:interact_with_crafting_table":7,"minecraft:fly_one_cm":23256,"minecraft:open_chest":14,"minecraft:play_time":238307,"minecraft:crouch_one_cm":2164,"minecraft:deaths":7,"minecraft:sneak_time":789,"minecraft:jump":241,"minecraft:leave_game":5,"minecraft:time_since_death":65904,"minecraft:walk_on_water_one_cm":2134,"minecraft:total_world_time":238307,"minecraft:climb_one_cm":24890,"minecraft:fall_one_cm":6900},"minecraft:used":{"minecraft:bread":1,"minecraft:iron_pickaxe":5,"minecraft:wooden_pickaxe":18,"minecraft:stone":1,"minecraft:iron_sword":5,"minecraft:redstone_lamp":10,"minecraft:torch":10,"minecraft:wooden_sword":12,"minecraft:dirt":4,"minecraft:cobblestone":2,"minecraft:crafting_table":2,"minecraft:gray_bed":1,"minecraft:cooked_beef":1},"minecraft:killed":{"minecraft:skeleton":14,"minecraft:zombie":2},"minecraft:mined":{"minecraft:gray_wool":3,"minecraft:birch_log":3,"minecraft:birch_leaves":7,"minecraft:ladder":1,"minecraft:grass_block":5,"minecraft:oak_log":3,"minecraft:coal_ore":3,"minecraft:dirt":1,"minecraft:coal_block":1,"minecraft:stone":15,"minecraft:oak_leaves":14,"minecraft:tripwire":3,"minecraft:spawner":2}},"DataVersion":3465}