{"stats":{"minecraft:mined":{"minecraft:dark_oak_planks":1,"minecraft:spruce_planks":3,"minecraft:jungle_leaves":2,"minecraft:acacia_log":1,"minecraft:grass_block":6,"minecraft:coal_block":9,"minecraft:moss_block":1,"minecraft:mangrove_propagule":1,"minecraft:spawner":15,"minecraft:hay_block":4,"minecraft:iron_ore":6,"minecraft:fire":6,"minecraft:dark_oak_stairs":1,"minecraft:deepslate_brick_stairs":1,"minecraft:stone":1,"minecraft:iron_block":1,"minecraft:tripwire":1,"minecraft:kelp_plant":2,"minecraft:clay":5,"minecraft:chest":1,"minecraft:nether_brick_slab":1,"minecraft:tall_grass":8,"minecraft:copper_ore":1,"minecraft:sugar_cane":24,"minecraft:brick_slab":1,"minecraft:wheat":45,"minecraft:mangrove_leaves":1,"minecraft:stone_brick_stairs":1,"minecraft:grass":14,"minecraft:dirt":4,"minecraft:netherrack":45,"minecraft:oak_leaves":3,"minecraft:iron_trapdoor":1},"minecraft:crafted":{"minecraft:coal":63,"minecraft:diamond_leggings":1,"minecraft:wheat":72,"minecraft:crafting_table":1,"minecraft:cooked_salmon":3,"minecraft:bread":44,"minecraft:air":0,"minecraft:iron_ingot":9,"minecraft:acacia_planks":4,"minecraft:diamond_chestplate":1},"minecraft:picked_up":{"minecraft:charcoal":36,"minecraft:iron_chestplate":1,"minecraft:wheat":239,"minecraft:chainmail_boots":5,"minecraft:iron_trapdoor":4,"minecraft:clay_ball":12,"minecraft:turtle_helmet":5,"minecraft:redstone_lamp":5,"minecraft:leather_leggings":9,"minecraft:wooden_pickaxe":1,"minecraft:potion":13,"minecraft:enchanted_book":11,"minecraft:golden_sword":2,"minecraft:cooked_salmon":1,"minecraft:beetroot_soup":1,"minecraft:iron_leggings":9,"minecraft:item_frame":7,"minecraft:armor_stand":4,"minecraft:experience_bottle":61,"minecraft:cyan_carpet":35,"minecraft:bucket":3,"minecraft:beef":40,"minecraft:player_head":1,"minecraft:coal_block":9,"minecraft:spruce_slab":2,"minecraft:iron_pickaxe":9,"minecraft:enchanted_golden_apple":6,"minecraft:sugar_cane":286,"minecraft:chest":1,"minecraft:phantom_membrane":7,"minecraft:iron_boots":7,"minecraft:golden_helmet":2,"minecraft:stick":91,"minecraft:raw_iron":18,"minecraft:torch":5,"minecraft:bowl":7,"minecraft:acacia_log":1,"minecraft:fire_charge":9,"alexscaves:nuclear_bomb":1,"minecraft:golden_chestplate":1,"minecraft:dark_oak_planks":3,"minecraft:arrow":187,"minecraft:rotten_flesh":188,"minecraft:golden_hoe":10,"minecraft:hay_block":16,"minecraft:iron_block":1,"minecraft:saddle":3,"minecraft:gold_ingot":162,"minecraft:obsidian":16,"minecraft:cod":4,"minecraft:leather_chestplate":7,"minecraft:feather":6,"minecraft:water_bucket":15,"minecraft:salmon":12,"minecraft:leather":30,"minecraft:golden_leggings":10,"minecraft:potato":56,"minecraft:flint":10,"minecraft:chainmail_chestplate":3,"minecraft:gunpowder":2,"minecraft:netherite_leggings":1,"minecraft:dirt":37,"minecraft:lantern":1,"minecraft:cooked_mutton":5,"minecraft:red_carpet":5,"minecraft:bone":266,"minecraft:apple":3,"minecraft:gray_carpet":11,"minecraft:kelp":7,"minecraft:bow":1,"minecraft:wheat_seeds":226,"minecraft:iron_ingot":167,"minecraft:diamond_helmet":5,"minecraft:glass_bottle":10,"minecraft:iron_sword":12,"minecraft:dark_oak_stairs":1,"minecraft:book":30,"minecraft:lava_bucket":1,"minecraft:spider_eye":1,"minecraft:brick_slab":2,"minecraft:diamond":34,"minecraft:iron_helmet":10,"minecraft:crossbow":1,"minecraft:golden_apple":7,"minecraft:emerald":5,"minecraft:bread":218,"minecraft:netherrack":44,"minecraft:melon_seeds":1,"minecraft:coal":310,"minecraft:ender_pearl":9},"minecraft:killed":{"minecraft:spider":2,"minecraft:vindicator":2,"minecraft:phantom":13,"minecraft:skeleton":62,"minecraft:drowned":1,"minecraft:wolf":8,"minecraft:husk":34,"minecraft:ravager":21,"minecraft:creeper":3,"minecraft:pillager":8,"minecraft:zombie":13,"minecraft:cow":3},"minecraft:used":{"alexscaves:spawn_egg_atlatitan":1,"minecraft:flint_and_steel":15,"minecraft:armor_stand":3,"minecraft:chest":2,"minecraft:iron_sword":323,"minecraft:cooked_salmon":3,"alexscaves:radgill":1,"minecraft:netherrack":43,"minecraft:torch":21,"minecraft:dirt":37,"minecraft:brick_slab":2,"alexscaves:waste_drum":1,"alexscaves:spawn_egg_nucleeper":1,"minecraft:obsidian":57,"alexscaves:spawn_egg_tremorsaurus":1,"minecraft:barrel":1,"minecraft:bedrock":19,"minecraft:bow":1,"alexscaves:nuclear_furnace_component":1,"minecraft:enchanted_golden_apple":2,"minecraft:beetroot_soup":1,"minecraft:wheat_seeds":27,"minecraft:cooked_mutton":2,"minecraft:water_bucket":112,"minecraft:glass_bottle":197,"minecraft:sugar_cane":2,"minecraft:salmon":1,"minecraft:golden_apple":1,"minecraft:golden_hoe":4,"minecraft:crafting_table":1,"minecraft:crossbow":2,"minecraft:cod":7,"minecraft:apple":2,"minecraft:bread":91,"minecraft:iron_pickaxe":89,"alexscaves:extinction_spear":2,"minecraft:golden_helmet":1,"minecraft:golden_leggings":1,"minecraft:coal_block":2,"minecraft:potion":195,"minecraft:bucket":111,"minecraft:pumpkin_pie":4,"minecraft:stripped_oak_log":21,"minecraft:air":7,"alexscaves:nuclear_bomb":2},"minecraft:custom":{"minecraft:mob_kills":171,"minecraft:interact_with_crafting_table":4,"minecraft:open_barrel":23,"minecraft:damage_dealt_resisted":6993,"minecraft:eat_cake_slice":6,"minecraft:leave_game":2,"minecraft:time_since_death":60125,"minecraft:damage_resisted":137,"minecraft:climb_one_cm":33956,"minecraft:sprint_one_cm":572164,"minecraft:walk_one_cm":230804,"minecraft:drop":109,"minecraft:talked_to_villager":1,"minecraft:play_time":158800,"minecraft:deaths":11,"minecraft:sneak_time":5468,"minecraft:walk_under_water_one_cm":48694,"minecraft:jump":2281,"minecraft:interact_with_blast_furnace":3,"minecraft:walk_on_water_one_cm":80795,"minecraft:total_world_time":158800,"minecraft:interact_with_furnace":8,"minecraft:sleep_in_bed":4,"minecraft:time_since_rest":60135,"minecraft:damage_taken":9263,"minecraft:damage_absorbed":40,"minecraft:trigger_trapped_chest":6,"minecraft:damage_dealt":63925,"minecraft:player_kills":1,"minecraft:swim_one_cm":135664,"minecraft:fly_one_cm":968002,"minecraft:open_chest":91,"minecraft:crouch_one_cm":12066,"minecraft:fall_one_cm":66123},"minecraft:dropped":{"minecraft:bread":6,"minecraft:wheat_seeds":63,"minecraft:glass_bottle":1,"alexscaves:burrowing_arrow":1,"minecraft:iron_helmet":1,"minecraft:lantern":1,"minecraft:leather":3,"minecraft:saddle":1,"minecraft:golden_apple":65,"minecraft:emerald":1,"minecraft:item_frame":3,"minecraft:flint":2,"minecraft:lava_bucket":1,"minecraft:redstone_lamp":2,"minecraft:iron_trapdoor":1,"minecraft:torch":4,"minecraft:potion":2,"minecraft:iron_leggings":1,"alexscaves:raygun":1,"minecraft:gray_carpet":3,"alexscaves:extinction_spear":1,"minecraft:end_crystal":8,"minecraft:armor_stand":1,"minecraft:bone":55,"minecraft:kelp":7,"minecraft:bowl":1,"minecraft:wheat":20,"minecraft:obsidian":15,"alexscaves:spawn_egg_nucleeper":1,"minecraft:iron_boots":1,"minecraft:enchanted_golden_apple":77,"minecraft:chainmail_chestplate":2,"minecraft:netherite_leggings":1,"minecraft:leather_chestplate":3,"alexscaves:totem_of_possession":1,"minecraft:melon_seeds":1,"minecraft:golden_leggings":1,"minecraft:chainmail_boots":1,"minecraft:golden_sword":1,"minecraft:leather_leggings":2,"alexscaves:dreadbow":1,"minecraft:spruce_slab":2,"minecraft:beef":4,"alexscaves:nuclear_bomb":6,"minecraft:egg":1},"minecraft:killed_by":{"minecraft:husk":1,"minecraft:skeleton":3}},"DataVersion":3465}