{"stats":{"minecraft:mined":{"minecraft:dark_oak_planks":1,"minecraft:spruce_planks":3,"minecraft:jungle_leaves":2,"minecraft:acacia_log":1,"minecraft:grass_block":6,"minecraft:coal_block":9,"minecraft:moss_block":1,"minecraft:mangrove_propagule":1,"minecraft:spawner":15,"minecraft:hay_block":4,"minecraft:iron_ore":6,"minecraft:fire":1,"minecraft:dark_oak_stairs":1,"minecraft:deepslate_brick_stairs":1,"minecraft:stone":1,"minecraft:iron_block":1,"minecraft:tripwire":1,"minecraft:kelp_plant":2,"minecraft:clay":5,"minecraft:chest":1,"minecraft:nether_brick_slab":1,"minecraft:tall_grass":8,"minecraft:copper_ore":1,"minecraft:sugar_cane":24,"minecraft:brick_slab":1,"minecraft:wheat":45,"minecraft:mangrove_leaves":1,"minecraft:stone_brick_stairs":1,"minecraft:grass":13,"minecraft:dirt":4,"minecraft:netherrack":45,"minecraft:oak_leaves":3,"minecraft:iron_trapdoor":1},"minecraft:crafted":{"minecraft:coal":63,"minecraft:diamond_leggings":1,"minecraft:wheat":72,"minecraft:crafting_table":1,"minecraft:cooked_salmon":3,"minecraft:air":0,"minecraft:bread":44,"minecraft:iron_ingot":9,"minecraft:acacia_planks":4,"minecraft:diamond_chestplate":1},"minecraft:picked_up":{"minecraft:charcoal":36,"minecraft:iron_chestplate":1,"minecraft:wheat":239,"minecraft:chainmail_boots":5,"minecraft:iron_trapdoor":4,"minecraft:clay_ball":12,"minecraft:leather_leggings":9,"minecraft:turtle_helmet":5,"minecraft:redstone_lamp":5,"minecraft:enchanted_book":11,"minecraft:potion":13,"minecraft:golden_sword":2,"minecraft:cooked_salmon":1,"minecraft:armor_stand":4,"minecraft:iron_leggings":9,"minecraft:beetroot_soup":1,"minecraft:item_frame":7,"minecraft:experience_bottle":61,"minecraft:cyan_carpet":35,"minecraft:bucket":3,"minecraft:beef":40,"minecraft:player_head":1,"minecraft:iron_pickaxe":9,"minecraft:spruce_slab":2,"minecraft:chest":1,"minecraft:sugar_cane":286,"minecraft:coal_block":9,"minecraft:phantom_membrane":6,"minecraft:iron_boots":7,"minecraft:golden_helmet":2,"minecraft:stick":91,"minecraft:raw_iron":18,"minecraft:acacia_log":1,"minecraft:torch":2,"minecraft:bowl":7,"minecraft:fire_charge":9,"minecraft:golden_chestplate":1,"minecraft:dark_oak_planks":3,"minecraft:arrow":181,"minecraft:rotten_flesh":188,"minecraft:golden_hoe":10,"minecraft:hay_block":16,"minecraft:iron_block":1,"minecraft:saddle":1,"minecraft:gold_ingot":162,"minecraft:obsidian":16,"minecraft:cod":4,"minecraft:leather_chestplate":7,"minecraft:feather":6,"minecraft:water_bucket":15,"minecraft:salmon":12,"minecraft:leather":30,"minecraft:golden_leggings":10,"minecraft:potato":56,"minecraft:flint":10,"minecraft:chainmail_chestplate":3,"minecraft:dirt":37,"minecraft:lantern":1,"minecraft:cooked_mutton":5,"minecraft:red_carpet":5,"minecraft:bone":261,"minecraft:apple":3,"minecraft:gray_carpet":11,"minecraft:kelp":7,"minecraft:wheat_seeds":225,"minecraft:iron_ingot":167,"minecraft:diamond_helmet":5,"minecraft:glass_bottle":10,"minecraft:iron_sword":12,"minecraft:dark_oak_stairs":1,"minecraft:book":30,"minecraft:lava_bucket":1,"minecraft:brick_slab":2,"minecraft:diamond":34,"minecraft:iron_helmet":10,"minecraft:crossbow":1,"minecraft:golden_apple":7,"minecraft:bread":218,"minecraft:emerald":5,"minecraft:netherrack":44,"minecraft:melon_seeds":1,"minecraft:coal":310,"minecraft:ender_pearl":9},"minecraft:killed":{"minecraft:vindicator":2,"minecraft:spider":1,"minecraft:phantom":12,"minecraft:skeleton":54,"minecraft:drowned":1,"minecraft:husk":34,"minecraft:creeper":1,"minecraft:pillager":8,"minecraft:zombie":13,"minecraft:cow":3},"minecraft:used":{"minecraft:flint_and_steel":2,"minecraft:armor_stand":3,"minecraft:chest":1,"minecraft:iron_sword":261,"alexscaves:radgill":1,"minecraft:cooked_salmon":3,"minecraft:netherrack":43,"minecraft:dirt":30,"minecraft:brick_slab":2,"minecraft:obsidian":6,"minecraft:barrel":1,"minecraft:beetroot_soup":1,"minecraft:wheat_seeds":27,"minecraft:cooked_mutton":2,"minecraft:water_bucket":104,"minecraft:glass_bottle":169,"minecraft:sugar_cane":2,"minecraft:salmon":1,"minecraft:golden_apple":1,"minecraft:golden_hoe":4,"minecraft:crafting_table":1,"minecraft:cod":7,"minecraft:apple":2,"minecraft:bread":78,"minecraft:iron_pickaxe":89,"minecraft:golden_leggings":1,"minecraft:golden_helmet":1,"minecraft:coal_block":2,"minecraft:potion":169,"minecraft:bucket":104,"minecraft:pumpkin_pie":4,"minecraft:air":5},"minecraft:custom":{"minecraft:mob_kills":130,"minecraft:interact_with_crafting_table":4,"minecraft:open_barrel":23,"minecraft:damage_dealt_resisted":4844,"minecraft:eat_cake_slice":6,"minecraft:leave_game":1,"minecraft:time_since_death":24276,"minecraft:climb_one_cm":33956,"minecraft:damage_resisted":137,"minecraft:sprint_one_cm":526887,"minecraft:walk_one_cm":178101,"minecraft:drop":42,"minecraft:talked_to_villager":1,"minecraft:play_time":122951,"minecraft:deaths":11,"minecraft:sneak_time":4079,"minecraft:walk_under_water_one_cm":42836,"minecraft:jump":2132,"minecraft:interact_with_blast_furnace":3,"minecraft:walk_on_water_one_cm":70676,"minecraft:total_world_time":122951,"minecraft:interact_with_furnace":8,"minecraft:sleep_in_bed":4,"minecraft:time_since_rest":24286,"minecraft:damage_taken":8667,"minecraft:damage_absorbed":40,"minecraft:damage_dealt":39047,"minecraft:swim_one_cm":134280,"minecraft:fly_one_cm":481504,"minecraft:player_kills":1,"minecraft:open_chest":66,"minecraft:crouch_one_cm":9333,"minecraft:fall_one_cm":65436},"minecraft:dropped":{"minecraft:bread":6,"minecraft:wheat_seeds":63,"minecraft:glass_bottle":1,"minecraft:iron_helmet":1,"minecraft:lantern":1,"minecraft:leather":3,"minecraft:saddle":1,"minecraft:flint":2,"minecraft:emerald":1,"minecraft:item_frame":3,"minecraft:lava_bucket":1,"minecraft:redstone_lamp":2,"minecraft:iron_trapdoor":1,"minecraft:iron_leggings":1,"minecraft:gray_carpet":3,"minecraft:bone":55,"minecraft:armor_stand":1,"minecraft:kelp":7,"minecraft:bowl":1,"minecraft:wheat":20,"minecraft:iron_boots":1,"minecraft:chainmail_chestplate":2,"minecraft:leather_chestplate":3,"minecraft:melon_seeds":1,"minecraft:golden_leggings":1,"minecraft:chainmail_boots":1,"minecraft:golden_sword":1,"minecraft:leather_leggings":2,"minecraft:spruce_slab":2,"minecraft:beef":4,"minecraft:egg":1},"minecraft:killed_by":{"minecraft:husk":1,"minecraft:skeleton":3}},"DataVersion":3465}