{"stats":{"minecraft:crafted":{"minecraft:oak_planks":24},"minecraft:picked_up":{"minecraft:stick":2,"minecraft:oak_log":8,"minecraft:oak_sapling":4},"minecraft:used":{"minecraft:oak_log":2},"minecraft:mined":{"minecraft:oak_log":9,"minecraft:oak_leaves":69},"minecraft:custom":{"minecraft:jump":20,"minecraft:time_since_rest":17996,"minecraft:crouch_one_cm":156,"minecraft:leave_game":4,"minecraft:play_time":17996,"minecraft:sprint_one_cm":463,"minecraft:time_since_death":17996,"minecraft:walk_one_cm":5706,"minecraft:sneak_time":124,"minecraft:total_world_time":17996,"minecraft:fall_one_cm":478,"minecraft:fly_one_cm":28}},"DataVersion":3465}