{"stats":{"minecraft:crafted":{"minecraft:cooked_beef":8,"minecraft:wooden_sword":1,"minecraft:oak_planks":24,"minecraft:crafting_table":1,"minecraft:stick":4,"minecraft:leather_chestplate":1,"minecraft:wooden_pickaxe":1,"minecraft:furnace":1,"minecraft:leather_helmet":1,"minecraft:stone_axe":1,"minecraft:air":0,"minecraft:bread":51,"minecraft:wheat":153},"minecraft:picked_up":{"minecraft:crafting_table":1,"minecraft:stick":1,"minecraft:leather":13,"minecraft:torch":1,"minecraft:porkchop":29,"minecraft:oak_log":24,"minecraft:white_bed":2,"minecraft:cobblestone_stairs":1,"minecraft:apple":1,"minecraft:peony":1,"minecraft:wheat_seeds":2,"minecraft:hay_block":35,"minecraft:beef":20,"minecraft:oak_planks":7,"minecraft:cobblestone":15,"minecraft:furnace":1},"minecraft:used":{"minecraft:peony":1,"minecraft:apple":6,"minecraft:bread":5,"minecraft:oak_planks":3,"minecraft:leather_helmet":1,"minecraft:leather_chestplate":1,"minecraft:wooden_pickaxe":21,"minecraft:stone_axe":16,"minecraft:wooden_sword":67,"minecraft:cobblestone":4,"minecraft:hay_block":18,"minecraft:crafting_table":1,"minecraft:furnace":1,"minecraft:white_bed":1,"minecraft:potato":1},"minecraft:mined":{"minecraft:hay_block":36,"minecraft:black_stained_glass":1,"minecraft:white_bed":2,"minecraft:glass_pane":2,"minecraft:furnace":1,"minecraft:cobblestone_stairs":1,"minecraft:crafting_table":1,"minecraft:grass":11,"minecraft:oak_log":21,"minecraft:tall_grass":1,"minecraft:cobblestone":16,"minecraft:oak_leaves":9},"minecraft:killed":{"minecraft:pig":14,"minecraft:cow":8},"minecraft:broken":{"minecraft:wooden_sword":1},"minecraft:custom":{"minecraft:time_since_rest":10924,"minecraft:interact_with_furnace":8,"minecraft:sprint_one_cm":43180,"minecraft:damage_taken":550,"minecraft:walk_one_cm":49377,"minecraft:mob_kills":22,"minecraft:damage_dealt":2200,"minecraft:swim_one_cm":4913,"minecraft:interact_with_crafting_table":7,"minecraft:fly_one_cm":82791,"minecraft:open_barrel":2,"minecraft:open_chest":3,"minecraft:crouch_one_cm":1799,"minecraft:play_time":17828,"minecraft:sneak_time":783,"minecraft:walk_under_water_one_cm":716,"minecraft:jump":503,"minecraft:walk_on_water_one_cm":7365,"minecraft:time_since_death":17828,"minecraft:sleep_in_bed":1,"minecraft:climb_one_cm":4353,"minecraft:total_world_time":17828,"minecraft:fall_one_cm":14710}},"DataVersion":3465}