{"stats":{"minecraft:crafted":{"minecraft:wheat":153},"minecraft:picked_up":{"minecraft:peony":1,"minecraft:hay_block":35,"minecraft:white_bed":1},"minecraft:used":{"minecraft:peony":1,"minecraft:apple":3,"minecraft:hay_block":18},"minecraft:mined":{"minecraft:grass":1,"minecraft:hay_block":36,"minecraft:black_stained_glass":1,"minecraft:white_bed":1,"minecraft:tall_grass":1},"minecraft:custom":{"minecraft:time_since_rest":5828,"minecraft:open_chest":3,"minecraft:crouch_one_cm":1585,"minecraft:play_time":5828,"minecraft:sprint_one_cm":16687,"minecraft:damage_taken":210,"minecraft:walk_one_cm":12457,"minecraft:sneak_time":721,"minecraft:walk_under_water_one_cm":459,"minecraft:jump":197,"minecraft:time_since_death":5828,"minecraft:walk_on_water_one_cm":4446,"minecraft:total_world_time":5828,"minecraft:climb_one_cm":3240,"minecraft:swim_one_cm":889,"minecraft:fall_one_cm":8689,"minecraft:fly_one_cm":33061,"minecraft:open_barrel":2}},"DataVersion":3465}