{"stats":{"minecraft:picked_up":{"minecraft:chicken":1,"minecraft:oak_log":3,"minecraft:egg":2},"minecraft:custom":{"minecraft:jump":34,"minecraft:time_since_rest":2497,"minecraft:leave_game":1,"minecraft:damage_dealt":70,"minecraft:sprint_one_cm":425,"minecraft:play_time":2497,"minecraft:time_since_death":2497,"minecraft:walk_one_cm":6752,"minecraft:total_world_time":2497,"minecraft:mob_kills":1,"minecraft:fall_one_cm":1107,"minecraft:fly_one_cm":1077},"minecraft:killed":{"minecraft:chicken":1},"minecraft:used":{"minecraft:egg":2},"minecraft:mined":{"minecraft:grass":4,"minecraft:oak_log":3,"minecraft:oak_leaves":3}},"DataVersion":3465}