{"stats":{"minecraft:mined":{"minecraft:white_bed":1,"minecraft:grass_block":1,"minecraft:coal_block":3,"minecraft:oak_wall_sign":1,"minecraft:chiseled_stone_bricks":2,"minecraft:hay_block":34,"minecraft:furnace":2,"minecraft:chiseled_sandstone":1,"minecraft:dirt_path":2,"minecraft:crafting_table":4,"minecraft:torch":1,"minecraft:tall_grass":2,"minecraft:cobblestone":4,"minecraft:skeleton_skull":1,"minecraft:mud":1,"minecraft:birch_log":1,"minecraft:wheat":1,"minecraft:birch_leaves":5,"minecraft:yellow_bed":1,"minecraft:smooth_stone_slab":1,"minecraft:grass":23,"minecraft:oak_log":8,"minecraft:sand":24,"minecraft:dirt":3,"minecraft:cracked_stone_bricks":1,"minecraft:stone_bricks":2,"minecraft:oak_leaves":6},"minecraft:crafted":{"minecraft:wooden_sword":1,"minecraft:oak_planks":32,"minecraft:glass":10,"minecraft:iron_hoe":1,"minecraft:wheat":270,"minecraft:glass_bottle":9,"minecraft:crafting_table":1,"minecraft:iron_sword":1,"minecraft:birch_planks":4,"minecraft:bread":75,"minecraft:air":0,"minecraft:oak_boat":1,"minecraft:wooden_hoe":1,"minecraft:stick":20,"minecraft:iron_pickaxe":1},"minecraft:picked_up":{"minecraft:iron_chestplate":5,"minecraft:crafting_table":5,"minecraft:wheat":48,"minecraft:splash_potion":2,"minecraft:chicken":2,"minecraft:wooden_pickaxe":1,"minecraft:potion":3,"minecraft:stone_brick_stairs":1,"minecraft:shield":2,"minecraft:wooden_sword":1,"minecraft:smooth_stone_slab":1,"minecraft:iron_leggings":5,"minecraft:armor_stand":3,"minecraft:item_frame":3,"minecraft:experience_bottle":5,"minecraft:cracked_stone_bricks":1,"minecraft:netherite_sword":2,"minecraft:bucket":1,"minecraft:beef":38,"minecraft:poppy":4,"minecraft:iron_pickaxe":1,"minecraft:enchanted_golden_apple":46,"minecraft:coal_block":5,"minecraft:egg":2,"minecraft:iron_boots":5,"minecraft:furnace":4,"minecraft:stick":13,"minecraft:sandstone":10,"minecraft:torch":2,"minecraft:warden_spawn_egg":47,"minecraft:end_crystal":60,"minecraft:stone_pressure_plate":2,"minecraft:arrow":130,"minecraft:hay_block":38,"minecraft:saddle":3,"minecraft:wolf_spawn_egg":128,"minecraft:netherite_chestplate":2,"minecraft:obsidian":61,"minecraft:skeleton_skull":3,"minecraft:cobblestone":29,"minecraft:birch_log":1,"minecraft:netherite_boots":2,"minecraft:feather":4,"minecraft:water_bucket":2,"minecraft:leather":26,"minecraft:oak_log":11,"minecraft:yellow_bed":1,"minecraft:netherite_leggings":3,"minecraft:dirt":19,"minecraft:glass":1,"minecraft:bone":64,"minecraft:stone_bricks":5,"minecraft:bow":1,"minecraft:wheat_seeds":15,"minecraft:iron_ingot":16,"minecraft:glass_bottle":8,"minecraft:oak_planks":137,"minecraft:iron_sword":1,"minecraft:chiseled_stone_bricks":2,"minecraft:lava_bucket":2,"minecraft:sand":46,"minecraft:white_bed":3,"minecraft:iron_hoe":1,"minecraft:netherite_helmet":2,"minecraft:iron_helmet":5,"minecraft:bread":141,"minecraft:coal":12},"minecraft:killed":{"minecraft:wolf":8,"minecraft:iron_golem":2,"minecraft:cow":9},"minecraft:broken":{"minecraft:wooden_hoe":1},"minecraft:custom":{"minecraft:mob_kills":21,"minecraft:interact_with_crafting_table":9,"minecraft:leave_game":3,"minecraft:time_since_death":252,"minecraft:climb_one_cm":3056,"minecraft:damage_resisted":792,"minecraft:sprint_one_cm":132358,"minecraft:walk_one_cm":126790,"minecraft:drop":13,"minecraft:talked_to_villager":2,"minecraft:play_time":59808,"minecraft:deaths":9,"minecraft:sneak_time":2246,"minecraft:walk_under_water_one_cm":2871,"minecraft:boat_one_cm":162585,"minecraft:jump":1646,"minecraft:interact_with_blast_furnace":1,"minecraft:walk_on_water_one_cm":11723,"minecraft:total_world_time":59808,"minecraft:interact_with_furnace":5,"minecraft:sleep_in_bed":1,"minecraft:time_since_rest":309,"minecraft:damage_taken":4109,"minecraft:damage_absorbed":1086,"minecraft:trigger_trapped_chest":7,"minecraft:damage_dealt":3009,"minecraft:swim_one_cm":9301,"minecraft:fly_one_cm":409815,"minecraft:open_chest":29,"minecraft:crouch_one_cm":2068,"minecraft:fall_one_cm":49584},"minecraft:used":{"minecraft:netherite_sword":53,"minecraft:armor_stand":3,"minecraft:iron_sword":68,"minecraft:iron_chestplate":2,"minecraft:dirt":19,"minecraft:obsidian":6,"minecraft:warden_spawn_egg":17,"minecraft:lava_bucket":3,"minecraft:iron_helmet":2,"minecraft:iron_boots":1,"minecraft:stone_brick_stairs":1,"minecraft:stone_bricks":3,"minecraft:item_frame":1,"minecraft:netherite_boots":1,"minecraft:bow":22,"minecraft:hay_block":3,"minecraft:wolf_spawn_egg":69,"minecraft:furnace":2,"minecraft:stone_pressure_plate":2,"minecraft:enchanted_golden_apple":12,"minecraft:iron_leggings":1,"minecraft:water_bucket":3,"minecraft:birch_planks":4,"minecraft:glass_bottle":24,"minecraft:netherite_chestplate":1,"minecraft:oak_planks":9,"minecraft:wooden_pickaxe":4,"minecraft:sand":13,"minecraft:crafting_table":5,"minecraft:netherite_helmet":2,"minecraft:wooden_hoe":46,"minecraft:bread":14,"minecraft:iron_pickaxe":17,"minecraft:wooden_sword":38,"minecraft:cobblestone":3,"minecraft:potion":22,"minecraft:bucket":6,"minecraft:yellow_bed":1,"minecraft:smooth_stone_slab":1,"minecraft:oak_boat":1,"minecraft:air":8},"minecraft:dropped":{"minecraft:wheat_seeds":4,"minecraft:leather_helmet":1,"minecraft:potion":2,"minecraft:wooden_sword":2,"minecraft:netherite_leggings":1,"minecraft:poppy":3,"minecraft:leather_chestplate":1,"minecraft:leather_boots":1,"minecraft:leather_leggings":1,"minecraft:arrow":1,"minecraft:wooden_pickaxe":1},"minecraft:killed_by":{"minecraft:player":2,"minecraft:warden":1,"minecraft:phantom":1}},"DataVersion":3465}