{"stats":{"minecraft:mined":{"minecraft:white_bed":1,"minecraft:crafting_table":4,"minecraft:torch":1,"minecraft:grass_block":1,"minecraft:coal_block":3,"minecraft:tall_grass":1,"minecraft:cobblestone":4,"minecraft:oak_wall_sign":1,"minecraft:chiseled_stone_bricks":2,"minecraft:skeleton_skull":1,"minecraft:hay_block":34,"minecraft:furnace":2,"minecraft:mud":1,"minecraft:birch_log":1,"minecraft:wheat":1,"minecraft:chiseled_sandstone":1,"minecraft:birch_leaves":5,"minecraft:yellow_bed":1,"minecraft:smooth_stone_slab":1,"minecraft:grass":12,"minecraft:oak_log":8,"minecraft:dirt_path":2,"minecraft:dirt":3,"minecraft:sand":24,"minecraft:cracked_stone_bricks":1,"minecraft:stone_bricks":2,"minecraft:oak_leaves":6},"minecraft:crafted":{"minecraft:glass_bottle":9,"minecraft:wooden_sword":1,"minecraft:oak_planks":32,"minecraft:crafting_table":1,"minecraft:iron_sword":1,"minecraft:birch_planks":4,"minecraft:bread":75,"minecraft:air":0,"minecraft:oak_boat":1,"minecraft:glass":10,"minecraft:wooden_hoe":1,"minecraft:iron_hoe":1,"minecraft:stick":20,"minecraft:iron_pickaxe":1,"minecraft:wheat":270},"minecraft:picked_up":{"minecraft:birch_log":1,"minecraft:wheat":48,"minecraft:iron_chestplate":5,"minecraft:crafting_table":5,"minecraft:leather":26,"minecraft:wooden_pickaxe":1,"minecraft:potion":3,"minecraft:oak_log":11,"minecraft:yellow_bed":1,"minecraft:dirt":17,"minecraft:wooden_sword":1,"minecraft:smooth_stone_slab":1,"minecraft:iron_leggings":5,"minecraft:armor_stand":3,"minecraft:item_frame":3,"minecraft:glass":1,"minecraft:experience_bottle":5,"minecraft:stone_bricks":3,"minecraft:bow":1,"minecraft:cracked_stone_bricks":1,"minecraft:wheat_seeds":11,"minecraft:bucket":1,"minecraft:iron_ingot":16,"minecraft:beef":38,"minecraft:poppy":4,"minecraft:iron_pickaxe":1,"minecraft:glass_bottle":8,"minecraft:enchanted_golden_apple":3,"minecraft:coal_block":5,"minecraft:oak_planks":9,"minecraft:iron_sword":1,"minecraft:iron_boots":5,"minecraft:furnace":4,"minecraft:stick":13,"minecraft:chiseled_stone_bricks":2,"minecraft:sand":46,"minecraft:white_bed":3,"minecraft:stone_pressure_plate":2,"minecraft:iron_hoe":1,"minecraft:iron_helmet":5,"minecraft:hay_block":38,"minecraft:saddle":3,"minecraft:bread":141,"minecraft:coal":12,"minecraft:skeleton_skull":3,"minecraft:cobblestone":3},"minecraft:killed":{"minecraft:iron_golem":2,"minecraft:cow":9},"minecraft:broken":{"minecraft:wooden_hoe":1},"minecraft:used":{"minecraft:birch_planks":4,"minecraft:armor_stand":3,"minecraft:glass_bottle":24,"minecraft:oak_planks":9,"minecraft:wooden_pickaxe":4,"minecraft:iron_sword":68,"minecraft:iron_chestplate":2,"minecraft:dirt":17,"minecraft:sand":13,"minecraft:crafting_table":5,"minecraft:wooden_hoe":46,"minecraft:bread":14,"minecraft:iron_pickaxe":17,"minecraft:iron_helmet":2,"minecraft:iron_boots":1,"minecraft:item_frame":1,"minecraft:stone_bricks":3,"minecraft:wooden_sword":38,"minecraft:bow":22,"minecraft:cobblestone":3,"minecraft:potion":22,"minecraft:hay_block":3,"minecraft:furnace":2,"minecraft:yellow_bed":1,"minecraft:oak_boat":1,"minecraft:smooth_stone_slab":1,"minecraft:stone_pressure_plate":2,"minecraft:air":8,"minecraft:iron_leggings":1},"minecraft:custom":{"minecraft:interact_with_furnace":5,"minecraft:mob_kills":11,"minecraft:interact_with_crafting_table":9,"minecraft:leave_game":2,"minecraft:time_since_death":851,"minecraft:sleep_in_bed":1,"minecraft:climb_one_cm":3056,"minecraft:time_since_rest":2074,"minecraft:sprint_one_cm":106850,"minecraft:damage_taken":3233,"minecraft:walk_one_cm":82666,"minecraft:trigger_trapped_chest":5,"minecraft:drop":11,"minecraft:damage_dealt":2821,"minecraft:swim_one_cm":9301,"minecraft:talked_to_villager":2,"minecraft:fly_one_cm":290727,"minecraft:open_chest":28,"minecraft:crouch_one_cm":2033,"minecraft:play_time":48231,"minecraft:deaths":7,"minecraft:sneak_time":2140,"minecraft:walk_under_water_one_cm":2402,"minecraft:boat_one_cm":162585,"minecraft:jump":1333,"minecraft:interact_with_blast_furnace":1,"minecraft:walk_on_water_one_cm":9002,"minecraft:total_world_time":48231,"minecraft:fall_one_cm":39436},"minecraft:dropped":{"minecraft:wheat_seeds":4,"minecraft:leather_helmet":1,"minecraft:poppy":3,"minecraft:leather_chestplate":1,"minecraft:leather_boots":1,"minecraft:potion":2,"minecraft:leather_leggings":1,"minecraft:wooden_sword":2,"minecraft:arrow":1},"minecraft:killed_by":{"minecraft:player":2,"minecraft:phantom":1}},"DataVersion":3465}