{"stats":{"minecraft:crafted":{"minecraft:cooked_beef":8,"minecraft:wooden_sword":1,"minecraft:oak_planks":148,"minecraft:crafting_table":2,"minecraft:wooden_pickaxe":2,"minecraft:furnace":1,"minecraft:leather_helmet":1,"minecraft:stone_axe":1,"minecraft:bread":51,"minecraft:air":0,"minecraft:iron_chestplate":1,"minecraft:stick":8,"minecraft:leather_chestplate":1,"minecraft:wheat":153},"minecraft:picked_up":{"minecraft:iron_chestplate":2,"minecraft:crafting_table":2,"minecraft:leather":13,"minecraft:potion":6,"minecraft:oak_log":60,"minecraft:cobblestone_stairs":1,"minecraft:dirt":2,"minecraft:beetroot":6,"minecraft:apple":7,"minecraft:wheat_seeds":4,"minecraft:iron_ingot":4,"minecraft:beef":26,"minecraft:dark_oak_sign":2,"minecraft:glass_bottle":1,"minecraft:stone_hoe":1,"minecraft:oak_planks":43,"minecraft:furnace":2,"minecraft:stick":1,"minecraft:oak_door":2,"minecraft:torch":2,"minecraft:porkchop":58,"minecraft:jungle_planks":60,"minecraft:cake":5,"minecraft:white_bed":2,"minecraft:cyan_bed":2,"minecraft:rotten_flesh":8,"minecraft:stone_axe":1,"minecraft:peony":1,"minecraft:hay_block":35,"minecraft:glistering_melon_slice":4,"minecraft:bread":7,"minecraft:oak_sapling":24,"minecraft:mutton":3,"minecraft:coal":7,"minecraft:cobblestone":79,"minecraft:white_wool":2},"minecraft:used":{"minecraft:beetroot":2,"minecraft:peony":1,"minecraft:oak_planks":101,"minecraft:wooden_pickaxe":23,"minecraft:leather_chestplate":1,"minecraft:iron_chestplate":1,"minecraft:white_wool":2,"minecraft:torch":1,"minecraft:dirt":2,"minecraft:mutton":3,"minecraft:crafting_table":3,"minecraft:jungle_planks":59,"minecraft:white_bed":2,"minecraft:cake":2,"minecraft:apple":8,"minecraft:cyan_bed":1,"minecraft:bread":9,"minecraft:leather_helmet":1,"minecraft:stone_axe":67,"minecraft:wooden_sword":67,"minecraft:cobblestone":4,"minecraft:potion":1,"minecraft:beef":5,"minecraft:hay_block":18,"minecraft:furnace":2,"minecraft:porkchop":1,"minecraft:pumpkin_pie":2,"minecraft:potato":1},"minecraft:mined":{"minecraft:white_bed":2,"minecraft:glass_pane":2,"minecraft:cobblestone_stairs":1,"minecraft:crafting_table":2,"minecraft:torch":1,"minecraft:grass_block":2,"minecraft:white_stained_glass_pane":1,"minecraft:jungle_planks":15,"minecraft:tall_grass":1,"minecraft:cobblestone":18,"minecraft:cyan_bed":2,"minecraft:oak_planks":22,"minecraft:hay_block":36,"minecraft:black_stained_glass":1,"minecraft:furnace":1,"minecraft:yellow_stained_glass_pane":1,"minecraft:grass":12,"minecraft:oak_log":33,"minecraft:oak_leaves":15},"minecraft:killed_by":{"minecraft:hoglin":1,"minecraft:wither_skeleton":1},"minecraft:killed":{"minecraft:pig":14,"minecraft:sheep":2,"minecraft:cow":8},"minecraft:dropped":{"minecraft:oak_door":2,"minecraft:stone_hoe":1,"minecraft:iron_ingot":4,"minecraft:oak_log":23,"minecraft:dark_oak_sign":1,"minecraft:glass_bottle":1,"minecraft:beetroot":3,"minecraft:cobblestone":62,"minecraft:rotten_flesh":4,"minecraft:apple":6,"minecraft:iron_chestplate":1,"minecraft:oak_sapling":20,"minecraft:potion":3,"minecraft:bread":7},"minecraft:broken":{"minecraft:wooden_sword":1},"minecraft:custom":{"minecraft:interact_with_furnace":14,"minecraft:mob_kills":24,"minecraft:interact_with_crafting_table":10,"minecraft:open_barrel":6,"minecraft:eat_cake_slice":2,"minecraft:leave_game":1,"minecraft:time_since_death":1483,"minecraft:sleep_in_bed":3,"minecraft:climb_one_cm":9380,"minecraft:time_since_rest":1524,"minecraft:sprint_one_cm":73292,"minecraft:damage_taken":2076,"minecraft:walk_one_cm":87682,"minecraft:drop":16,"minecraft:damage_dealt":2384,"minecraft:swim_one_cm":27826,"minecraft:fly_one_cm":137223,"minecraft:open_chest":11,"minecraft:crouch_one_cm":6210,"minecraft:play_time":41522,"minecraft:deaths":4,"minecraft:sneak_time":3466,"minecraft:walk_under_water_one_cm":24443,"minecraft:interact_with_lectern":1,"minecraft:jump":1054,"minecraft:interact_with_blast_furnace":6,"minecraft:walk_on_water_one_cm":19183,"minecraft:total_world_time":41522,"minecraft:fall_one_cm":29742}},"DataVersion":3465}