{"stats":{"minecraft:crafted":{"minecraft:wooden_sword":1,"minecraft:oak_planks":184,"minecraft:furnace":1,"minecraft:glass":23,"travelersbackpack:white_sleeping_bag":1,"minecraft:stone_pickaxe":1,"minecraft:chest":1,"minecraft:wheat":153,"minecraft:cooked_beef":8,"minecraft:cooked_porkchop":41,"minecraft:crafting_table":2,"travelersbackpack:backpack_tank":2,"minecraft:wooden_pickaxe":3,"minecraft:leather_helmet":1,"minecraft:stone_axe":2,"minecraft:bread":63,"minecraft:air":0,"minecraft:iron_chestplate":1,"minecraft:shield":1,"minecraft:stick":16,"minecraft:leather_chestplate":1,"minecraft:iron_ingot":9,"minecraft:iron_pickaxe":1},"minecraft:picked_up":{"minecraft:crafting_table":5,"minecraft:iron_chestplate":3,"minecraft:wheat":1,"minecraft:wooden_pickaxe":1,"minecraft:potion":6,"minecraft:armor_stand":4,"minecraft:item_frame":2,"minecraft:zombie_head":1,"minecraft:experience_bottle":1,"minecraft:beetroot":6,"minecraft:beef":42,"minecraft:coal_block":16,"minecraft:furnace":5,"minecraft:golden_helmet":8,"minecraft:stick":3,"minecraft:oak_door":2,"minecraft:torch":4,"minecraft:porkchop":71,"minecraft:cake":5,"minecraft:carrot":2,"minecraft:brown_carpet":3,"minecraft:rotten_flesh":12,"minecraft:peony":1,"minecraft:hay_block":35,"minecraft:iron_block":1,"minecraft:glistering_melon_slice":6,"minecraft:mutton":13,"minecraft:white_wool":10,"minecraft:cobblestone":126,"minecraft:cooked_beef":16,"minecraft:salmon":1,"minecraft:leather":20,"minecraft:golden_leggings":8,"minecraft:oak_log":69,"minecraft:yellow_bed":2,"minecraft:cobblestone_stairs":3,"minecraft:dirt":3,"minecraft:lantern":2,"minecraft:cooked_mutton":10,"minecraft:apple":7,"minecraft:wheat_seeds":7,"minecraft:iron_ingot":4,"minecraft:stone_pickaxe":1,"minecraft:dark_oak_sign":2,"minecraft:glass_bottle":3,"minecraft:oak_planks":55,"minecraft:stone_hoe":1,"minecraft:iron_sword":1,"minecraft:jungle_planks":60,"minecraft:sand":31,"minecraft:white_bed":2,"minecraft:cyan_bed":3,"minecraft:stone_axe":1,"minecraft:bread":7,"minecraft:oak_sapling":24,"minecraft:coal":11},"minecraft:used":{"minecraft:peony":1,"minecraft:beetroot":3,"minecraft:rotten_flesh":1,"minecraft:iron_chestplate":2,"minecraft:torch":1,"minecraft:dirt":3,"minecraft:mutton":3,"minecraft:jungle_planks":59,"minecraft:beef":5,"minecraft:hay_block":18,"minecraft:furnace":4,"minecraft:potato":1,"minecraft:cooked_mutton":1,"minecraft:stone_pickaxe":24,"minecraft:oak_planks":101,"minecraft:leather_chestplate":1,"minecraft:wooden_pickaxe":55,"minecraft:white_wool":2,"minecraft:salmon":1,"minecraft:crafting_table":5,"minecraft:white_bed":2,"minecraft:cake":3,"minecraft:apple":8,"minecraft:bread":9,"minecraft:cyan_bed":1,"minecraft:iron_pickaxe":2,"minecraft:leather_helmet":1,"minecraft:stone_axe":144,"minecraft:wooden_sword":67,"minecraft:cobblestone":4,"minecraft:potion":2,"minecraft:porkchop":1,"minecraft:cooked_porkchop":3,"minecraft:pumpkin_pie":2,"minecraft:yellow_bed":1},"minecraft:mined":{"minecraft:white_bed":2,"minecraft:cobblestone_stairs":2,"minecraft:grass_block":3,"minecraft:jungle_planks":15,"minecraft:coal_block":16,"minecraft:hay_block":36,"minecraft:furnace":4,"minecraft:stone":9,"minecraft:iron_block":1,"minecraft:glass_pane":2,"minecraft:crafting_table":6,"minecraft:torch":1,"minecraft:white_stained_glass_pane":1,"minecraft:cobblestone":37,"minecraft:tall_grass":2,"minecraft:cyan_bed":2,"minecraft:oak_planks":22,"minecraft:black_stained_glass":1,"minecraft:yellow_bed":2,"minecraft:yellow_stained_glass_pane":1,"minecraft:grass":15,"minecraft:oak_log":42,"minecraft:coal_ore":5,"minecraft:zombie_head":1,"minecraft:sand":31,"minecraft:oak_leaves":16},"minecraft:killed":{"minecraft:pig":21,"minecraft:sheep":10,"minecraft:cow":14},"minecraft:killed_by":{"minecraft:wither_skeleton":1,"minecraft:hoglin":1,"minecraft:skeleton":2,"minecraft:zombie":1},"minecraft:dropped":{"minecraft:bread":7,"minecraft:stone_hoe":1,"minecraft:iron_ingot":4,"minecraft:wheat_seeds":2,"minecraft:golden_helmet":8,"minecraft:oak_log":23,"minecraft:glass_bottle":3,"minecraft:cobblestone":62,"minecraft:apple":6,"minecraft:item_frame":1,"minecraft:potion":3,"minecraft:armor_stand":4,"minecraft:oak_door":2,"minecraft:dark_oak_sign":1,"minecraft:beetroot":3,"minecraft:rotten_flesh":4,"minecraft:carrot":2,"minecraft:iron_chestplate":1,"minecraft:golden_leggings":7,"minecraft:oak_sapling":20,"minecraft:stone_pickaxe":1,"minecraft:wooden_pickaxe":1},"minecraft:broken":{"minecraft:wooden_sword":1},"minecraft:custom":{"minecraft:interact_with_smithing_table":2,"minecraft:mob_kills":45,"minecraft:interact_with_crafting_table":22,"minecraft:open_barrel":6,"minecraft:interact_with_campfire":26,"minecraft:eat_cake_slice":3,"minecraft:leave_game":1,"minecraft:time_since_death":20730,"minecraft:climb_one_cm":14688,"minecraft:sprint_one_cm":154603,"minecraft:walk_one_cm":131796,"minecraft:drop":44,"minecraft:talked_to_villager":2,"minecraft:play_time":65522,"minecraft:deaths":7,"minecraft:sneak_time":4325,"minecraft:walk_under_water_one_cm":24502,"minecraft:interact_with_lectern":1,"minecraft:jump":1607,"minecraft:interact_with_blast_furnace":6,"minecraft:walk_on_water_one_cm":21510,"minecraft:total_world_time":65522,"minecraft:interact_with_furnace":34,"minecraft:sleep_in_bed":3,"minecraft:time_since_rest":20758,"minecraft:damage_taken":3329,"minecraft:damage_dealt":4330,"minecraft:swim_one_cm":31567,"minecraft:fly_one_cm":231853,"minecraft:open_chest":17,"minecraft:crouch_one_cm":8176,"minecraft:fall_one_cm":51794}},"DataVersion":3465}