{"stats":{"minecraft:mined":{"minecraft:white_bed":1,"minecraft:crafting_table":4,"minecraft:grass_block":1,"minecraft:coal_block":3,"minecraft:tall_grass":1,"minecraft:skeleton_skull":1,"minecraft:hay_block":34,"minecraft:furnace":2,"minecraft:wheat":1,"minecraft:grass":9,"minecraft:oak_log":8,"minecraft:dirt_path":1,"minecraft:sand":24,"minecraft:oak_leaves":6},"minecraft:picked_up":{"minecraft:wheat":48,"minecraft:iron_chestplate":5,"minecraft:crafting_table":5,"minecraft:leather":26,"minecraft:potion":3,"minecraft:oak_log":11,"minecraft:dirt":2,"minecraft:wooden_sword":1,"minecraft:iron_leggings":5,"minecraft:armor_stand":3,"minecraft:item_frame":2,"minecraft:glass":1,"minecraft:experience_bottle":5,"minecraft:stone_bricks":1,"minecraft:bow":1,"minecraft:wheat_seeds":10,"minecraft:beef":38,"minecraft:iron_ingot":16,"minecraft:poppy":4,"minecraft:iron_pickaxe":1,"minecraft:glass_bottle":6,"minecraft:coal_block":5,"minecraft:iron_sword":1,"minecraft:oak_planks":9,"minecraft:iron_boots":5,"minecraft:furnace":4,"minecraft:stick":13,"minecraft:sand":46,"minecraft:white_bed":3,"minecraft:stone_pressure_plate":2,"minecraft:iron_hoe":1,"minecraft:hay_block":38,"minecraft:iron_helmet":5,"minecraft:bread":141,"minecraft:coal":12,"minecraft:skeleton_skull":3},"minecraft:crafted":{"minecraft:wooden_sword":1,"minecraft:glass_bottle":9,"minecraft:oak_planks":32,"minecraft:crafting_table":1,"minecraft:iron_sword":1,"minecraft:bread":75,"minecraft:air":0,"minecraft:oak_boat":1,"minecraft:glass":10,"minecraft:wooden_hoe":1,"minecraft:iron_hoe":1,"minecraft:stick":20,"minecraft:iron_pickaxe":1,"minecraft:wheat":270},"minecraft:killed":{"minecraft:iron_golem":2,"minecraft:cow":9},"minecraft:broken":{"minecraft:wooden_hoe":1},"minecraft:used":{"minecraft:armor_stand":3,"minecraft:glass_bottle":23,"minecraft:oak_planks":2,"minecraft:iron_sword":64,"minecraft:iron_chestplate":2,"minecraft:dirt":2,"minecraft:crafting_table":4,"minecraft:wooden_hoe":46,"minecraft:bread":8,"minecraft:iron_pickaxe":5,"minecraft:iron_helmet":2,"minecraft:iron_boots":1,"minecraft:stone_bricks":1,"minecraft:wooden_sword":38,"minecraft:potion":14,"minecraft:hay_block":3,"minecraft:oak_boat":1,"minecraft:stone_pressure_plate":2,"minecraft:air":4,"minecraft:iron_leggings":1},"minecraft:custom":{"minecraft:interact_with_furnace":5,"minecraft:mob_kills":11,"minecraft:interact_with_crafting_table":9,"minecraft:leave_game":1,"minecraft:time_since_death":5634,"minecraft:sleep_in_bed":1,"minecraft:climb_one_cm":1005,"minecraft:time_since_rest":5657,"minecraft:sprint_one_cm":68918,"minecraft:damage_taken":829,"minecraft:walk_one_cm":46845,"minecraft:drop":3,"minecraft:damage_dealt":2733,"minecraft:swim_one_cm":1167,"minecraft:talked_to_villager":2,"minecraft:fly_one_cm":146686,"minecraft:open_chest":6,"minecraft:crouch_one_cm":1373,"minecraft:play_time":25549,"minecraft:deaths":2,"minecraft:sneak_time":1218,"minecraft:walk_under_water_one_cm":380,"minecraft:boat_one_cm":148770,"minecraft:jump":671,"minecraft:interact_with_blast_furnace":1,"minecraft:walk_on_water_one_cm":1550,"minecraft:total_world_time":25549,"minecraft:fall_one_cm":23167},"minecraft:dropped":{"minecraft:wheat_seeds":4,"minecraft:poppy":3,"minecraft:wooden_sword":1}},"DataVersion":3465}