{"stats":{"minecraft:mined":{"minecraft:white_bed":1,"minecraft:crafting_table":3,"minecraft:grass_block":1,"minecraft:coal_block":3,"minecraft:skeleton_skull":1,"minecraft:hay_block":34,"minecraft:furnace":2,"minecraft:wheat":1,"minecraft:grass":1,"minecraft:oak_log":5,"minecraft:dirt_path":1,"minecraft:sand":24,"minecraft:oak_leaves":1},"minecraft:picked_up":{"minecraft:wheat":2,"minecraft:iron_chestplate":4,"minecraft:crafting_table":4,"minecraft:oak_log":5,"minecraft:dirt":2,"minecraft:wooden_sword":1,"minecraft:iron_leggings":4,"minecraft:armor_stand":3,"minecraft:item_frame":1,"minecraft:experience_bottle":3,"minecraft:stone_bricks":1,"minecraft:bow":1,"minecraft:wheat_seeds":8,"minecraft:iron_ingot":14,"minecraft:poppy":4,"minecraft:coal_block":3,"minecraft:oak_planks":9,"minecraft:iron_boots":4,"minecraft:furnace":2,"minecraft:stick":1,"minecraft:sand":33,"minecraft:white_bed":2,"minecraft:stone_pressure_plate":2,"minecraft:hay_block":38,"minecraft:iron_helmet":4,"minecraft:bread":73,"minecraft:coal":6,"minecraft:skeleton_skull":2},"minecraft:crafted":{"minecraft:wooden_sword":1,"minecraft:glass_bottle":9,"minecraft:oak_planks":20,"minecraft:crafting_table":1,"minecraft:iron_sword":1,"minecraft:bread":75,"minecraft:air":0,"minecraft:glass":10,"minecraft:wooden_hoe":1,"minecraft:iron_hoe":1,"minecraft:stick":20,"minecraft:iron_pickaxe":1,"minecraft:wheat":270},"minecraft:killed":{"minecraft:iron_golem":2},"minecraft:broken":{"minecraft:wooden_hoe":1},"minecraft:used":{"minecraft:armor_stand":3,"minecraft:glass_bottle":10,"minecraft:oak_planks":2,"minecraft:iron_sword":30,"minecraft:iron_chestplate":1,"minecraft:dirt":2,"minecraft:crafting_table":3,"minecraft:wooden_hoe":46,"minecraft:bread":4,"minecraft:iron_pickaxe":5,"minecraft:iron_helmet":1,"minecraft:iron_boots":1,"minecraft:stone_bricks":1,"minecraft:wooden_sword":38,"minecraft:potion":1,"minecraft:hay_block":3,"minecraft:stone_pressure_plate":2,"minecraft:iron_leggings":1},"minecraft:custom":{"minecraft:interact_with_furnace":5,"minecraft:mob_kills":2,"minecraft:interact_with_crafting_table":6,"minecraft:time_since_death":6773,"minecraft:sleep_in_bed":1,"minecraft:climb_one_cm":1005,"minecraft:time_since_rest":6800,"minecraft:sprint_one_cm":50147,"minecraft:damage_taken":300,"minecraft:walk_one_cm":33168,"minecraft:drop":3,"minecraft:damage_dealt":1833,"minecraft:swim_one_cm":1167,"minecraft:talked_to_villager":2,"minecraft:fly_one_cm":80922,"minecraft:open_chest":6,"minecraft:crouch_one_cm":1325,"minecraft:play_time":15573,"minecraft:deaths":1,"minecraft:sneak_time":1200,"minecraft:walk_under_water_one_cm":45,"minecraft:jump":396,"minecraft:interact_with_blast_furnace":1,"minecraft:walk_on_water_one_cm":778,"minecraft:total_world_time":15573,"minecraft:fall_one_cm":10215},"minecraft:dropped":{"minecraft:wheat_seeds":4,"minecraft:poppy":3,"minecraft:wooden_sword":1}},"DataVersion":3465}