{"stats":{"minecraft:crafted":{"minecraft:cooked_beef":8,"minecraft:wooden_sword":1,"minecraft:oak_planks":148,"minecraft:crafting_table":1,"minecraft:wooden_pickaxe":1,"minecraft:furnace":1,"minecraft:leather_helmet":1,"minecraft:stone_axe":1,"minecraft:bread":51,"minecraft:air":0,"minecraft:stick":4,"minecraft:leather_chestplate":1,"minecraft:wheat":153},"minecraft:picked_up":{"minecraft:crafting_table":1,"minecraft:leather":13,"minecraft:potion":1,"minecraft:oak_log":37,"minecraft:cobblestone_stairs":1,"minecraft:dirt":2,"minecraft:apple":1,"minecraft:wheat_seeds":4,"minecraft:beef":26,"minecraft:oak_planks":26,"minecraft:furnace":2,"minecraft:stick":1,"minecraft:torch":2,"minecraft:porkchop":58,"minecraft:jungle_planks":60,"minecraft:white_bed":2,"minecraft:stone_axe":1,"minecraft:peony":1,"minecraft:hay_block":35,"minecraft:oak_sapling":4,"minecraft:mutton":3,"minecraft:white_wool":2,"minecraft:cobblestone":15},"minecraft:used":{"minecraft:peony":1,"minecraft:oak_planks":101,"minecraft:wooden_pickaxe":21,"minecraft:leather_chestplate":1,"minecraft:white_wool":2,"minecraft:torch":1,"minecraft:dirt":2,"minecraft:mutton":3,"minecraft:crafting_table":1,"minecraft:jungle_planks":59,"minecraft:white_bed":2,"minecraft:apple":6,"minecraft:bread":9,"minecraft:leather_helmet":1,"minecraft:stone_axe":67,"minecraft:wooden_sword":67,"minecraft:cobblestone":4,"minecraft:beef":5,"minecraft:hay_block":18,"minecraft:furnace":2,"minecraft:porkchop":1,"minecraft:potato":1},"minecraft:mined":{"minecraft:white_bed":2,"minecraft:glass_pane":2,"minecraft:cobblestone_stairs":1,"minecraft:crafting_table":1,"minecraft:torch":1,"minecraft:grass_block":2,"minecraft:jungle_planks":15,"minecraft:tall_grass":1,"minecraft:cobblestone":16,"minecraft:oak_planks":22,"minecraft:hay_block":36,"minecraft:black_stained_glass":1,"minecraft:furnace":1,"minecraft:grass":12,"minecraft:oak_log":33,"minecraft:oak_leaves":15},"minecraft:killed_by":{"minecraft:hoglin":1,"minecraft:wither_skeleton":1},"minecraft:killed":{"minecraft:pig":14,"minecraft:sheep":2,"minecraft:cow":8},"minecraft:broken":{"minecraft:wooden_sword":1},"minecraft:custom":{"minecraft:interact_with_furnace":11,"minecraft:mob_kills":24,"minecraft:interact_with_crafting_table":7,"minecraft:open_barrel":5,"minecraft:leave_game":1,"minecraft:time_since_death":3948,"minecraft:sleep_in_bed":2,"minecraft:climb_one_cm":4719,"minecraft:time_since_rest":3978,"minecraft:sprint_one_cm":53532,"minecraft:damage_taken":1671,"minecraft:walk_one_cm":73323,"minecraft:damage_dealt":2360,"minecraft:swim_one_cm":26979,"minecraft:fly_one_cm":106564,"minecraft:open_chest":5,"minecraft:crouch_one_cm":6210,"minecraft:play_time":32386,"minecraft:deaths":2,"minecraft:sneak_time":3456,"minecraft:walk_under_water_one_cm":24085,"minecraft:jump":867,"minecraft:interact_with_blast_furnace":6,"minecraft:walk_on_water_one_cm":16117,"minecraft:total_world_time":32386,"minecraft:fall_one_cm":21919}},"DataVersion":3465}