{"stats":{"minecraft:crafted":{"minecraft:cooked_beef":8,"minecraft:wooden_sword":1,"minecraft:oak_planks":148,"minecraft:cooked_porkchop":28,"minecraft:crafting_table":2,"minecraft:wooden_pickaxe":3,"minecraft:furnace":1,"minecraft:leather_helmet":1,"minecraft:stone_axe":2,"minecraft:bread":51,"minecraft:air":0,"minecraft:iron_chestplate":1,"minecraft:stick":16,"minecraft:leather_chestplate":1,"minecraft:stone_pickaxe":1,"minecraft:wheat":153},"minecraft:picked_up":{"minecraft:iron_chestplate":3,"minecraft:crafting_table":4,"minecraft:salmon":1,"minecraft:leather":20,"minecraft:wooden_pickaxe":1,"minecraft:potion":6,"minecraft:oak_log":60,"minecraft:yellow_bed":2,"minecraft:cobblestone_stairs":3,"minecraft:dirt":3,"minecraft:beetroot":6,"minecraft:apple":7,"minecraft:wheat_seeds":5,"minecraft:iron_ingot":4,"minecraft:beef":42,"minecraft:dark_oak_sign":2,"minecraft:glass_bottle":3,"minecraft:stone_hoe":1,"minecraft:oak_planks":55,"minecraft:furnace":4,"minecraft:stick":3,"minecraft:oak_door":2,"minecraft:torch":4,"minecraft:sand":31,"minecraft:porkchop":71,"minecraft:jungle_planks":60,"minecraft:cake":5,"minecraft:white_bed":2,"minecraft:cyan_bed":3,"minecraft:rotten_flesh":12,"minecraft:stone_axe":1,"minecraft:peony":1,"minecraft:hay_block":35,"minecraft:glistering_melon_slice":6,"minecraft:bread":7,"minecraft:oak_sapling":24,"minecraft:mutton":13,"minecraft:coal":11,"minecraft:cobblestone":126,"minecraft:white_wool":10},"minecraft:used":{"minecraft:beetroot":3,"minecraft:peony":1,"minecraft:stone_pickaxe":7,"minecraft:oak_planks":101,"minecraft:wooden_pickaxe":55,"minecraft:leather_chestplate":1,"minecraft:rotten_flesh":1,"minecraft:iron_chestplate":2,"minecraft:salmon":1,"minecraft:white_wool":2,"minecraft:torch":1,"minecraft:dirt":3,"minecraft:mutton":3,"minecraft:crafting_table":5,"minecraft:jungle_planks":59,"minecraft:white_bed":2,"minecraft:cake":3,"minecraft:apple":8,"minecraft:cyan_bed":1,"minecraft:bread":9,"minecraft:leather_helmet":1,"minecraft:stone_axe":135,"minecraft:wooden_sword":67,"minecraft:cobblestone":4,"minecraft:potion":2,"minecraft:beef":5,"minecraft:hay_block":18,"minecraft:cooked_porkchop":3,"minecraft:furnace":3,"minecraft:porkchop":1,"minecraft:yellow_bed":1,"minecraft:pumpkin_pie":2,"minecraft:potato":1},"minecraft:mined":{"minecraft:white_bed":2,"minecraft:glass_pane":2,"minecraft:cobblestone_stairs":2,"minecraft:crafting_table":5,"minecraft:torch":1,"minecraft:grass_block":3,"minecraft:white_stained_glass_pane":1,"minecraft:jungle_planks":15,"minecraft:tall_grass":2,"minecraft:cobblestone":37,"minecraft:cyan_bed":2,"minecraft:oak_planks":22,"minecraft:hay_block":36,"minecraft:black_stained_glass":1,"minecraft:furnace":3,"minecraft:yellow_bed":2,"minecraft:yellow_stained_glass_pane":1,"minecraft:grass":15,"minecraft:coal_ore":5,"minecraft:oak_log":33,"minecraft:sand":31,"minecraft:stone":9,"minecraft:oak_leaves":16},"minecraft:killed_by":{"minecraft:hoglin":1,"minecraft:wither_skeleton":1,"minecraft:skeleton":2,"minecraft:zombie":1},"minecraft:killed":{"minecraft:pig":21,"minecraft:sheep":10,"minecraft:cow":14},"minecraft:dropped":{"minecraft:oak_door":2,"minecraft:stone_hoe":1,"minecraft:iron_ingot":4,"minecraft:oak_log":23,"minecraft:dark_oak_sign":1,"minecraft:glass_bottle":3,"minecraft:beetroot":3,"minecraft:cobblestone":62,"minecraft:rotten_flesh":4,"minecraft:apple":6,"minecraft:iron_chestplate":1,"minecraft:oak_sapling":20,"minecraft:potion":3,"minecraft:wooden_pickaxe":1,"minecraft:bread":7},"minecraft:broken":{"minecraft:wooden_sword":1},"minecraft:custom":{"minecraft:interact_with_furnace":16,"minecraft:mob_kills":45,"minecraft:interact_with_crafting_table":13,"minecraft:open_barrel":6,"minecraft:eat_cake_slice":3,"minecraft:leave_game":1,"minecraft:time_since_death":8730,"minecraft:sleep_in_bed":3,"minecraft:climb_one_cm":13023,"minecraft:time_since_rest":8758,"minecraft:sprint_one_cm":110322,"minecraft:damage_taken":3131,"minecraft:walk_one_cm":113516,"minecraft:drop":19,"minecraft:damage_dealt":4330,"minecraft:swim_one_cm":31567,"minecraft:fly_one_cm":213151,"minecraft:open_chest":13,"minecraft:crouch_one_cm":7016,"minecraft:play_time":53522,"minecraft:deaths":7,"minecraft:sneak_time":3714,"minecraft:walk_under_water_one_cm":24502,"minecraft:interact_with_lectern":1,"minecraft:jump":1479,"minecraft:interact_with_blast_furnace":6,"minecraft:walk_on_water_one_cm":21510,"minecraft:total_world_time":53522,"minecraft:fall_one_cm":49127}},"DataVersion":3465}