{"stats":{"minecraft:crafted":{"minecraft:oak_planks":12,"minecraft:crafting_table":1,"minecraft:stick":8,"minecraft:wooden_pickaxe":1,"minecraft:stone_pickaxe":1,"minecraft:dark_oak_planks":24,"minecraft:stone_axe":1},"minecraft:picked_up":{"minecraft:stick":14,"minecraft:crafting_table":9,"minecraft:raw_iron":18,"minecraft:ladder":10,"minecraft:jungle_fence":2,"minecraft:wooden_pickaxe":2,"minecraft:filled_map":3,"minecraft:oak_log":4,"minecraft:dark_oak_planks":40,"minecraft:dirt":73,"minecraft:dark_prismarine":6,"minecraft:light_gray_concrete":4,"minecraft:arrow":8,"minecraft:bone":8,"minecraft:rotten_flesh":18,"minecraft:stone_axe":7,"minecraft:iron_ingot":6,"minecraft:stone_pickaxe":8,"minecraft:gold_ingot":9,"minecraft:smooth_quartz":1,"minecraft:dark_oak_wood":6,"minecraft:oak_planks":5,"minecraft:cobblestone":42},"minecraft:killed_by":{"minecraft:skeleton":2,"minecraft:zombie":2},"minecraft:custom":{"minecraft:time_since_rest":0,"minecraft:interact_with_furnace":1,"minecraft:sprint_one_cm":53991,"minecraft:damage_taken":2115,"minecraft:walk_one_cm":70170,"minecraft:mob_kills":3,"minecraft:drop":8,"minecraft:damage_dealt":760,"minecraft:play_noteblock":9,"minecraft:interact_with_crafting_table":3,"minecraft:swim_one_cm":3126,"minecraft:fly_one_cm":27866,"minecraft:open_chest":16,"minecraft:crouch_one_cm":2586,"minecraft:play_time":36347,"minecraft:deaths":9,"minecraft:sneak_time":695,"minecraft:walk_under_water_one_cm":1403,"minecraft:jump":425,"minecraft:leave_game":1,"minecraft:walk_on_water_one_cm":1250,"minecraft:time_since_death":0,"minecraft:climb_one_cm":32429,"minecraft:total_world_time":36347,"minecraft:fall_one_cm":27974},"minecraft:killed":{"minecraft:skeleton":1,"minecraft:zombie":2},"minecraft:used":{"minecraft:dark_oak_planks":4,"minecraft:oak_log":1,"minecraft:dark_prismarine":3,"minecraft:stone_pickaxe":25,"minecraft:jungle_fence":2,"minecraft:oak_planks":1,"minecraft:wooden_pickaxe":9,"minecraft:stone_axe":59,"minecraft:dirt":27,"minecraft:cobblestone":6,"minecraft:crafting_table":2},"minecraft:dropped":{"minecraft:ladder":3,"minecraft:rotten_flesh":3,"minecraft:stone_pickaxe":1,"minecraft:wooden_pickaxe":3},"minecraft:mined":{"minecraft:dark_prismarine":5,"minecraft:repeater":1,"minecraft:iron_ore":4,"minecraft:birch_leaves":1,"minecraft:jungle_fence":2,"minecraft:crafting_table":2,"minecraft:ladder":1,"minecraft:dark_oak_wood":6,"minecraft:grass_block":2,"minecraft:oak_log":4,"minecraft:light_gray_concrete":4,"minecraft:smooth_quartz":1,"minecraft:tripwire_hook":1,"minecraft:stone":14,"minecraft:oak_leaves":2}},"DataVersion":3465}