{"stats":{"minecraft:mined":{"minecraft:tuff":48,"minecraft:mossy_cobblestone":3,"minecraft:deepslate_diamond_ore":79,"minecraft:red_nether_bricks":1,"minecraft:granite":30,"minecraft:acacia_log":13,"minecraft:grass_block":1,"minecraft:coal_block":16,"minecraft:spawner":2,"minecraft:hay_block":39,"minecraft:furnace":2,"minecraft:cobbled_deepslate":4,"minecraft:gold_block":5,"minecraft:dark_oak_stairs":1,"minecraft:deepslate_iron_ore":3,"minecraft:stone":166,"minecraft:waxed_cut_copper_stairs":1,"minecraft:crafting_table":4,"minecraft:emerald_ore":5,"minecraft:glass":2,"minecraft:tall_grass":2,"minecraft:cobblestone":10,"minecraft:sugar_cane":26,"minecraft:diorite":7,"minecraft:grass":46,"minecraft:oak_log":2,"minecraft:dripstone_block":12,"minecraft:gravel":3,"minecraft:cyan_carpet":1,"minecraft:sand":5,"minecraft:dirt":1,"minecraft:gray_carpet":1,"minecraft:acacia_planks":2,"minecraft:netherrack":1,"minecraft:deepslate":582,"minecraft:fern":6},"minecraft:crafted":{"minecraft:oak_planks":8,"minecraft:coal":144,"minecraft:glass":3,"minecraft:wheat":315,"minecraft:glass_bottle":3,"minecraft:crafting_table":1,"minecraft:bread":70,"minecraft:diamond_pickaxe":1,"minecraft:stick":8,"minecraft:acacia_planks":52},"minecraft:picked_up":{"minecraft:iron_chestplate":6,"minecraft:crafting_table":6,"minecraft:wheat":90,"minecraft:enchanted_book":1,"minecraft:gold_block":16,"minecraft:potion":15,"minecraft:golden_sword":1,"minecraft:string":1,"minecraft:red_nether_bricks":4,"minecraft:iron_leggings":2,"minecraft:armor_stand":1,"minecraft:item_frame":7,"minecraft:experience_bottle":3,"minecraft:cyan_carpet":4,"minecraft:cobbled_deepslate":191,"minecraft:beef":8,"minecraft:iron_pickaxe":6,"minecraft:sugar_cane":270,"minecraft:coal_block":16,"minecraft:egg":1,"minecraft:iron_boots":7,"minecraft:furnace":2,"minecraft:golden_helmet":11,"minecraft:raw_iron":3,"minecraft:stick":34,"minecraft:torch":2,"minecraft:acacia_log":23,"minecraft:fire_charge":1,"minecraft:golden_axe":5,"minecraft:golden_hoe":1,"minecraft:hay_block":200,"minecraft:saddle":2,"minecraft:obsidian":12,"minecraft:cobblestone":195,"minecraft:feather":6,"minecraft:clock":5,"minecraft:water_bucket":6,"minecraft:golden_leggings":6,"minecraft:potato":10,"minecraft:flint":5,"minecraft:tuff":4,"minecraft:oak_log":2,"minecraft:gunpowder":2,"minecraft:dirt":2,"minecraft:lantern":2,"minecraft:acacia_planks":38,"minecraft:apple":48,"minecraft:gray_carpet":1,"minecraft:bow":6,"minecraft:wheat_seeds":59,"minecraft:iron_ingot":12,"minecraft:dripstone_block":12,"minecraft:lava_bucket":6,"minecraft:sand":7,"minecraft:mossy_cobblestone":12,"minecraft:diamond":102,"minecraft:iron_helmet":2,"minecraft:granite":30,"minecraft:emerald":44,"minecraft:bread":76,"minecraft:coal":606},"minecraft:killed":{"minecraft:skeleton":1,"minecraft:husk":1,"minecraft:zombie":1},"minecraft:used":{"minecraft:torch":2,"minecraft:carrot":11,"minecraft:granite":30,"minecraft:obsidian":8,"minecraft:lava_bucket":18,"minecraft:lantern":2,"minecraft:item_frame":3,"minecraft:golden_sword":93,"minecraft:furnace":2,"minecraft:acacia_planks":47,"minecraft:cobbled_deepslate":165,"minecraft:golden_axe":22,"minecraft:water_bucket":21,"minecraft:glass_bottle":77,"minecraft:gray_carpet":1,"minecraft:oak_planks":4,"minecraft:red_nether_bricks":1,"minecraft:mossy_cobblestone":3,"minecraft:crafting_table":5,"minecraft:diamond_pickaxe":770,"minecraft:bread":55,"minecraft:iron_pickaxe":233,"minecraft:cobblestone":195,"minecraft:potion":78,"minecraft:bucket":38,"minecraft:air":1,"minecraft:experience_bottle":1},"minecraft:broken":{"minecraft:golden_helmet":1,"minecraft:golden_sword":1,"minecraft:golden_axe":1,"minecraft:iron_pickaxe":1},"minecraft:custom":{"minecraft:mob_kills":3,"minecraft:interact_with_crafting_table":8,"minecraft:open_barrel":4,"minecraft:eat_cake_slice":1,"minecraft:leave_game":3,"minecraft:time_since_death":86997,"minecraft:climb_one_cm":6604,"minecraft:sprint_one_cm":240439,"minecraft:walk_one_cm":228832,"minecraft:drop":67,"minecraft:play_noteblock":1,"minecraft:talked_to_villager":3,"minecraft:play_time":126199,"minecraft:deaths":5,"minecraft:sneak_time":6376,"minecraft:walk_under_water_one_cm":30085,"minecraft:jump":2823,"minecraft:walk_on_water_one_cm":36449,"minecraft:total_world_time":126199,"minecraft:interact_with_furnace":3,"minecraft:tune_noteblock":2,"minecraft:sleep_in_bed":1,"minecraft:time_since_rest":87047,"minecraft:damage_taken":7491,"minecraft:damage_dealt":1504,"minecraft:swim_one_cm":91261,"minecraft:fly_one_cm":524487,"minecraft:open_chest":19,"minecraft:crouch_one_cm":8480,"minecraft:fall_one_cm":66232},"minecraft:dropped":{"minecraft:enchanted_book":1,"minecraft:wheat_seeds":33,"minecraft:glass_bottle":1,"minecraft:dripstone_block":12,"minecraft:feather":3,"minecraft:iron_helmet":1,"minecraft:item_frame":3,"minecraft:torch":1,"minecraft:fire_charge":1,"minecraft:iron_leggings":1,"minecraft:golden_hoe":1,"minecraft:sand":2,"minecraft:armor_stand":1,"minecraft:sugar_cane":1,"minecraft:cobbled_deepslate":10,"minecraft:tuff":4,"minecraft:experience_bottle":1,"minecraft:iron_boots":1,"minecraft:potato":5,"minecraft:golden_leggings":1,"minecraft:golden_sword":1,"minecraft:beef":4},"minecraft:killed_by":{"minecraft:husk":1,"minecraft:player":1}},"DataVersion":3465}