{"stats":{"minecraft:crafted":{"minecraft:oak_planks":12,"minecraft:crafting_table":1,"minecraft:stick":8,"minecraft:wooden_pickaxe":1,"minecraft:stone_pickaxe":1,"minecraft:stone_axe":1},"minecraft:picked_up":{"minecraft:stick":8,"minecraft:crafting_table":6,"minecraft:raw_iron":10,"minecraft:jungle_fence":2,"minecraft:wooden_pickaxe":2,"minecraft:oak_log":4,"minecraft:dirt":3,"minecraft:arrow":2,"minecraft:bone":2,"minecraft:rotten_flesh":8,"minecraft:stone_axe":4,"minecraft:stone_pickaxe":5,"minecraft:oak_planks":4,"minecraft:cobblestone":36},"minecraft:killed_by":{"minecraft:skeleton":2},"minecraft:custom":{"minecraft:time_since_rest":356,"minecraft:interact_with_furnace":1,"minecraft:sprint_one_cm":25070,"minecraft:damage_taken":990,"minecraft:walk_one_cm":40464,"minecraft:mob_kills":2,"minecraft:drop":4,"minecraft:damage_dealt":343,"minecraft:play_noteblock":9,"minecraft:interact_with_crafting_table":3,"minecraft:swim_one_cm":3126,"minecraft:fly_one_cm":18736,"minecraft:crouch_one_cm":62,"minecraft:play_time":21692,"minecraft:deaths":5,"minecraft:sneak_time":141,"minecraft:walk_under_water_one_cm":1403,"minecraft:jump":230,"minecraft:walk_on_water_one_cm":1250,"minecraft:time_since_death":333,"minecraft:climb_one_cm":15046,"minecraft:total_world_time":21692,"minecraft:fall_one_cm":6064},"minecraft:killed":{"minecraft:skeleton":1,"minecraft:zombie":1},"minecraft:used":{"minecraft:oak_log":1,"minecraft:stone_pickaxe":8,"minecraft:jungle_fence":2,"minecraft:wooden_pickaxe":9,"minecraft:stone_axe":27,"minecraft:dirt":2,"minecraft:crafting_table":2},"minecraft:dropped":{"minecraft:stone_pickaxe":1,"minecraft:wooden_pickaxe":3},"minecraft:mined":{"minecraft:iron_ore":2,"minecraft:birch_leaves":1,"minecraft:jungle_fence":2,"minecraft:crafting_table":2,"minecraft:grass_block":2,"minecraft:oak_log":4,"minecraft:stone":12,"minecraft:oak_leaves":2}},"DataVersion":3465}