{"stats":{"minecraft:picked_up":{"minecraft:dirt":1,"minecraft:hay_block":14},"minecraft:used":{"minecraft:dirt":1},"minecraft:custom":{"minecraft:jump":78,"minecraft:open_chest":1,"minecraft:time_since_rest":4343,"minecraft:damage_dealt":10,"minecraft:damage_taken":40,"minecraft:sprint_one_cm":7282,"minecraft:play_time":4343,"minecraft:walk_on_water_one_cm":614,"minecraft:time_since_death":4343,"minecraft:walk_one_cm":6683,"minecraft:total_world_time":4343,"minecraft:walk_under_water_one_cm":32,"minecraft:swim_one_cm":1982,"minecraft:fall_one_cm":3434,"minecraft:fly_one_cm":14709},"minecraft:mined":{"minecraft:hay_block":14,"minecraft:grass_block":1}},"DataVersion":3465}