{"stats":{"minecraft:mined":{"minecraft:tuff":48,"minecraft:mossy_cobblestone":3,"minecraft:deepslate_diamond_ore":79,"minecraft:red_nether_bricks":1,"minecraft:granite":30,"minecraft:acacia_log":13,"minecraft:grass_block":1,"minecraft:coal_block":16,"minecraft:spawner":2,"minecraft:hay_block":39,"minecraft:furnace":2,"minecraft:cobbled_deepslate":4,"minecraft:gold_block":5,"minecraft:dark_oak_stairs":1,"minecraft:deepslate_iron_ore":3,"minecraft:stone":166,"minecraft:waxed_cut_copper_stairs":1,"minecraft:crafting_table":4,"minecraft:emerald_ore":5,"minecraft:glass":2,"minecraft:tall_grass":3,"minecraft:cobblestone":10,"minecraft:sugar_cane":26,"minecraft:diorite":7,"minecraft:grass":50,"minecraft:oak_log":2,"minecraft:dripstone_block":12,"minecraft:gravel":3,"minecraft:cyan_carpet":1,"minecraft:sand":5,"minecraft:dirt":1,"minecraft:gray_carpet":1,"minecraft:acacia_planks":3,"minecraft:netherrack":1,"minecraft:deepslate":582,"minecraft:fern":6},"minecraft:crafted":{"minecraft:oak_planks":8,"minecraft:coal":144,"minecraft:glass":3,"minecraft:wheat":315,"minecraft:glass_bottle":3,"minecraft:crafting_table":1,"minecraft:bread":70,"minecraft:diamond_pickaxe":1,"minecraft:stick":8,"minecraft:acacia_planks":52},"minecraft:picked_up":{"minecraft:iron_chestplate":6,"minecraft:crafting_table":6,"minecraft:wheat":90,"alexscaves:raygun":1,"minecraft:enchanted_book":1,"minecraft:gold_block":16,"minecraft:potion":16,"minecraft:golden_sword":1,"minecraft:string":1,"minecraft:smooth_stone_slab":1,"minecraft:red_nether_bricks":4,"minecraft:iron_leggings":2,"minecraft:armor_stand":1,"minecraft:item_frame":7,"minecraft:experience_bottle":3,"minecraft:cyan_carpet":4,"minecraft:cobbled_deepslate":191,"alexscaves:burrowing_arrow":1,"minecraft:beef":8,"alexscaves:totem_of_possession":1,"minecraft:phantom_membrane":1,"minecraft:enchanted_golden_apple":67,"minecraft:iron_pickaxe":6,"minecraft:sugar_cane":270,"minecraft:coal_block":16,"minecraft:egg":1,"minecraft:iron_boots":7,"minecraft:furnace":2,"minecraft:golden_helmet":11,"minecraft:raw_iron":3,"minecraft:stick":34,"minecraft:torch":4,"minecraft:acacia_log":23,"minecraft:fire_charge":1,"minecraft:golden_axe":5,"alexscaves:nuclear_bomb":5,"minecraft:end_crystal":8,"alexscaves:spawn_egg_nucleeper":1,"minecraft:arrow":49,"minecraft:golden_hoe":1,"minecraft:hay_block":200,"alexscaves:dreadbow":1,"minecraft:saddle":3,"minecraft:obsidian":27,"minecraft:cobblestone":195,"minecraft:feather":6,"minecraft:clock":5,"minecraft:water_bucket":6,"minecraft:andesite":1,"minecraft:golden_leggings":6,"minecraft:potato":10,"minecraft:flint":5,"minecraft:tuff":4,"minecraft:oak_log":2,"minecraft:gunpowder":2,"minecraft:dirt":2,"minecraft:lantern":2,"minecraft:acacia_planks":39,"minecraft:stone_bricks":2,"minecraft:apple":48,"minecraft:gray_carpet":1,"minecraft:bow":7,"alexscaves:extinction_spear":1,"minecraft:wheat_seeds":59,"minecraft:iron_ingot":12,"minecraft:dripstone_block":12,"minecraft:lava_bucket":6,"minecraft:sand":7,"minecraft:mossy_cobblestone":12,"minecraft:diamond":102,"minecraft:iron_helmet":2,"minecraft:granite":30,"minecraft:golden_apple":65,"minecraft:emerald":44,"minecraft:bread":76,"minecraft:coal":606},"minecraft:killed":{"minecraft:phantom":3,"minecraft:skeleton":1,"minecraft:wolf":14,"minecraft:husk":1,"minecraft:zombie":1},"minecraft:broken":{"minecraft:golden_helmet":1,"minecraft:golden_sword":1,"minecraft:golden_axe":1,"minecraft:iron_pickaxe":1},"minecraft:custom":{"minecraft:mob_kills":20,"minecraft:interact_with_crafting_table":8,"minecraft:open_barrel":4,"minecraft:eat_cake_slice":1,"minecraft:leave_game":3,"minecraft:time_since_death":110997,"minecraft:damage_resisted":769,"minecraft:climb_one_cm":6604,"minecraft:sprint_one_cm":272288,"minecraft:walk_one_cm":293442,"minecraft:damage_blocked_by_shield":60,"minecraft:drop":118,"minecraft:play_noteblock":1,"minecraft:talked_to_villager":3,"minecraft:play_time":150199,"minecraft:deaths":5,"minecraft:sneak_time":6926,"minecraft:walk_under_water_one_cm":30152,"minecraft:jump":3387,"minecraft:walk_on_water_one_cm":37929,"minecraft:total_world_time":150199,"minecraft:interact_with_furnace":3,"minecraft:tune_noteblock":2,"minecraft:sleep_in_bed":1,"minecraft:time_since_rest":111047,"minecraft:damage_absorbed":942,"minecraft:damage_taken":8010,"minecraft:trigger_trapped_chest":6,"minecraft:damage_dealt":3313,"minecraft:swim_one_cm":91261,"minecraft:fly_one_cm":630701,"minecraft:player_kills":2,"minecraft:open_chest":26,"minecraft:crouch_one_cm":8797,"minecraft:fall_one_cm":74000},"minecraft:used":{"minecraft:netherite_sword":48,"minecraft:shield":2,"minecraft:torch":2,"minecraft:carrot":11,"alexscaves:spawn_egg_nucleeper":1,"minecraft:granite":30,"minecraft:obsidian":14,"minecraft:lava_bucket":19,"minecraft:lantern":2,"minecraft:item_frame":3,"minecraft:golden_sword":93,"minecraft:bow":5,"minecraft:furnace":2,"minecraft:acacia_planks":50,"minecraft:cobbled_deepslate":181,"minecraft:enchanted_golden_apple":17,"minecraft:golden_axe":22,"minecraft:water_bucket":24,"minecraft:glass_bottle":86,"minecraft:gray_carpet":1,"minecraft:oak_planks":4,"minecraft:red_nether_bricks":1,"minecraft:golden_apple":17,"minecraft:mossy_cobblestone":3,"minecraft:crafting_table":5,"minecraft:diamond_pickaxe":770,"minecraft:bread":56,"alexscaves:extinction_spear":10,"minecraft:iron_pickaxe":233,"minecraft:netherite_axe":1,"minecraft:end_crystal":8,"minecraft:cobblestone":195,"minecraft:potion":85,"minecraft:bucket":41,"minecraft:air":1,"minecraft:experience_bottle":1},"minecraft:dropped":{"minecraft:enchanted_book":1,"minecraft:bread":51,"minecraft:iron_ingot":2,"minecraft:wheat_seeds":34,"minecraft:clock":1,"minecraft:golden_helmet":1,"minecraft:glass_bottle":2,"minecraft:diamond":99,"minecraft:dripstone_block":12,"minecraft:golden_axe":1,"minecraft:feather":3,"minecraft:iron_helmet":1,"minecraft:apple":13,"minecraft:saddle":3,"minecraft:coal":128,"minecraft:stick":8,"minecraft:emerald":24,"minecraft:flint":1,"minecraft:item_frame":3,"minecraft:gold_block":1,"minecraft:lava_bucket":1,"minecraft:dirt":1,"minecraft:torch":2,"minecraft:fire_charge":2,"minecraft:potion":3,"minecraft:iron_leggings":1,"minecraft:golden_hoe":1,"minecraft:phantom_membrane":1,"minecraft:sand":2,"minecraft:glistering_melon_slice":3,"minecraft:string":1,"minecraft:bucket":2,"minecraft:armor_stand":1,"minecraft:sugar_cane":60,"minecraft:cobbled_deepslate":10,"minecraft:tuff":4,"minecraft:wheat":105,"minecraft:raw_iron":3,"minecraft:experience_bottle":1,"minecraft:iron_boots":2,"minecraft:enchanted_golden_apple":1,"minecraft:potato":5,"minecraft:gunpowder":2,"minecraft:iron_chestplate":1,"minecraft:diamond_pickaxe":1,"minecraft:golden_leggings":2,"minecraft:golden_sword":2,"minecraft:bow":1,"minecraft:beef":4},"minecraft:killed_by":{"minecraft:husk":1,"minecraft:player":1}},"DataVersion":3465}