{"stats":{"minecraft:crafted":{"minecraft:oak_planks":12,"minecraft:crafting_table":1,"minecraft:stick":8,"minecraft:wooden_pickaxe":1},"minecraft:picked_up":{"minecraft:crafting_table":1,"minecraft:oak_log":4,"minecraft:dirt":1,"minecraft:cobblestone":8},"minecraft:killed_by":{"minecraft:skeleton":1},"minecraft:custom":{"minecraft:time_since_rest":8409,"minecraft:walk_one_cm":10651,"minecraft:crouch_one_cm":62,"minecraft:play_time":9692,"minecraft:sprint_one_cm":10096,"minecraft:damage_taken":535,"minecraft:deaths":1,"minecraft:sneak_time":138,"minecraft:walk_under_water_one_cm":1403,"minecraft:jump":95,"minecraft:time_since_death":8361,"minecraft:walk_on_water_one_cm":513,"minecraft:total_world_time":9692,"minecraft:swim_one_cm":3126,"minecraft:interact_with_crafting_table":1,"minecraft:fall_one_cm":4306,"minecraft:fly_one_cm":12030},"minecraft:used":{"minecraft:oak_log":1,"minecraft:dirt":1,"minecraft:crafting_table":1,"minecraft:wooden_pickaxe":9},"minecraft:mined":{"minecraft:grass_block":1,"minecraft:oak_log":4,"minecraft:stone":8,"minecraft:oak_leaves":2,"minecraft:crafting_table":1}},"DataVersion":3465}