{"stats":{"minecraft:picked_up":{"minecraft:stick":2,"minecraft:crafting_table":2,"minecraft:leather":1,"minecraft:stripped_acacia_wood":1,"minecraft:porkchop":3,"minecraft:oak_log":41,"minecraft:dirt":2,"minecraft:dark_oak_planks":2,"minecraft:red_nether_bricks":2,"minecraft:shroomlight":25,"minecraft:spruce_planks":4,"minecraft:hay_block":14,"minecraft:spruce_slab":2,"minecraft:white_wool":1,"minecraft:oak_planks":9,"minecraft:cobblestone":11},"minecraft:killed":{"minecraft:zombie":1,"minecraft:wither_skeleton":1,"minecraft:hoglin":2},"minecraft:used":{"minecraft:dark_oak_planks":2,"minecraft:diamond_pickaxe":28,"minecraft:diamond_boots":1,"minecraft:flint_and_steel":16,"minecraft:bread":9,"minecraft:stone_pickaxe":4,"minecraft:red_nether_bricks":2,"minecraft:oak_planks":152,"minecraft:spruce_planks":4,"minecraft:wooden_pickaxe":12,"minecraft:diamond_axe":67,"minecraft:stone_axe":54,"minecraft:white_wool":1,"minecraft:dirt":2,"minecraft:cobblestone":5,"minecraft:crafting_table":4,"minecraft:shroomlight":8,"minecraft:obsidian":1,"minecraft:splash_potion":2},"minecraft:crafted":{"minecraft:oak_planks":162,"minecraft:diamond_leggings":1,"minecraft:diamond_pickaxe":1,"minecraft:diamond_axe":1,"minecraft:crafting_table":2,"minecraft:stick":20,"minecraft:wooden_pickaxe":1,"minecraft:stone_pickaxe":1,"minecraft:diamond_boots":1,"minecraft:stone_axe":1,"minecraft:bread":42,"minecraft:diamond_chestplate":1,"minecraft:wheat":126},"minecraft:custom":{"minecraft:time_since_rest":45513,"minecraft:interact_with_furnace":1,"minecraft:sprint_one_cm":19110,"minecraft:damage_taken":471,"minecraft:walk_one_cm":53171,"minecraft:mob_kills":4,"minecraft:drop":1,"minecraft:damage_dealt":1418,"minecraft:tune_noteblock":1,"minecraft:interact_with_crafting_table":5,"minecraft:swim_one_cm":1982,"minecraft:fly_one_cm":40162,"minecraft:open_chest":5,"minecraft:crouch_one_cm":19191,"minecraft:play_time":58343,"minecraft:sneak_time":7570,"minecraft:walk_under_water_one_cm":32,"minecraft:interact_with_lectern":1,"minecraft:jump":497,"minecraft:walk_on_water_one_cm":1272,"minecraft:time_since_death":58343,"minecraft:sleep_in_bed":1,"minecraft:total_world_time":58343,"minecraft:climb_one_cm":850,"minecraft:fall_one_cm":11313},"minecraft:mined":{"minecraft:red_nether_brick_slab":1,"minecraft:dark_oak_planks":2,"minecraft:hay_block":14,"minecraft:spruce_planks":4,"minecraft:fire":9,"minecraft:red_nether_bricks":2,"minecraft:crafting_table":2,"minecraft:grass_block":1,"minecraft:oak_log":41,"minecraft:shroomlight":27,"minecraft:dirt":1,"minecraft:tall_grass":1,"minecraft:stripped_acacia_wood":1,"minecraft:stone":11,"minecraft:oak_planks":9,"minecraft:spruce_slab":1,"minecraft:white_wool":1,"minecraft:oak_leaves":4,"minecraft:spawner":1},"minecraft:dropped":{"minecraft:wooden_pickaxe":1}},"DataVersion":3465}