{"stats":{"minecraft:mined":{"minecraft:large_fern":1,"minecraft:sweet_berry_bush":23,"minecraft:spruce_log":10,"minecraft:crafting_table":4,"minecraft:grass":2,"minecraft:coal_ore":25,"minecraft:sand":15,"minecraft:dirt":2,"minecraft:cobblestone":4,"minecraft:spruce_leaves":4,"minecraft:stone":54,"minecraft:blue_bed":1,"minecraft:fern":2},"minecraft:crafted":{"minecraft:crafting_table":1,"minecraft:spruce_planks":64,"minecraft:stick":52,"minecraft:wooden_pickaxe":1,"minecraft:stone_pickaxe":2,"minecraft:stone_axe":1},"minecraft:picked_up":{"minecraft:stick":102,"minecraft:crafting_table":12,"minecraft:sweet_berries":163,"minecraft:torch":11,"minecraft:wooden_pickaxe":3,"minecraft:sand":90,"minecraft:cobblestone_wall":2,"minecraft:spruce_log":26,"minecraft:blue_bed":1,"minecraft:spider_eye":4,"minecraft:string":8,"minecraft:dirt":137,"minecraft:bone":18,"minecraft:arrow":18,"minecraft:rotten_flesh":1,"minecraft:stone_axe":6,"minecraft:spruce_planks":45,"minecraft:stone_pickaxe":3,"minecraft:coal":25,"minecraft:cobblestone":398},"minecraft:broken":{"minecraft:wooden_pickaxe":1},"minecraft:used":{"minecraft:stone_pickaxe":38,"minecraft:wooden_pickaxe":55,"minecraft:stone_axe":18,"minecraft:torch":1,"minecraft:dirt":1,"minecraft:cobblestone":10,"minecraft:sweet_berries":3,"minecraft:crafting_table":3},"minecraft:custom":{"minecraft:time_since_rest":5998,"minecraft:sprint_one_cm":74255,"minecraft:damage_taken":3455,"minecraft:walk_one_cm":68024,"minecraft:mob_kills":1,"minecraft:drop":36,"minecraft:damage_dealt":469,"minecraft:talked_to_villager":3,"minecraft:swim_one_cm":1504,"minecraft:interact_with_crafting_table":3,"minecraft:fly_one_cm":34668,"minecraft:crouch_one_cm":121,"minecraft:play_time":29076,"minecraft:deaths":12,"minecraft:sneak_time":41,"minecraft:walk_under_water_one_cm":518,"minecraft:jump":317,"minecraft:walk_on_water_one_cm":3002,"minecraft:time_since_death":5967,"minecraft:sleep_in_bed":4,"minecraft:total_world_time":29076,"minecraft:fall_one_cm":6160},"minecraft:dropped":{"minecraft:dirt":62,"minecraft:rotten_flesh":1,"minecraft:spider_eye":2,"minecraft:string":2},"minecraft:killed_by":{"minecraft:skeleton":2,"minecraft:witch":1,"minecraft:zombie":2}},"DataVersion":3465}