{"stats":{"minecraft:mined":{"minecraft:large_fern":1,"minecraft:sweet_berry_bush":6,"minecraft:spruce_log":10,"minecraft:crafting_table":2,"minecraft:grass":2,"minecraft:sand":15,"minecraft:dirt":2,"minecraft:cobblestone":1,"minecraft:spruce_leaves":2,"minecraft:stone":49,"minecraft:fern":1},"minecraft:crafted":{"minecraft:crafting_table":1,"minecraft:spruce_planks":40,"minecraft:stick":36,"minecraft:wooden_pickaxe":1,"minecraft:stone_pickaxe":1,"minecraft:stone_axe":1},"minecraft:picked_up":{"minecraft:stick":102,"minecraft:crafting_table":6,"minecraft:sweet_berries":69,"minecraft:torch":1,"minecraft:wooden_pickaxe":3,"minecraft:sand":75,"minecraft:spruce_log":10,"minecraft:dirt":2,"minecraft:stone_axe":1,"minecraft:spruce_planks":45,"minecraft:stone_pickaxe":1,"minecraft:cobblestone":205},"minecraft:broken":{"minecraft:wooden_pickaxe":1},"minecraft:used":{"minecraft:stone_pickaxe":2,"minecraft:wooden_pickaxe":55,"minecraft:stone_axe":11,"minecraft:dirt":1,"minecraft:cobblestone":7,"minecraft:sweet_berries":1,"minecraft:crafting_table":2},"minecraft:custom":{"minecraft:time_since_rest":1028,"minecraft:sprint_one_cm":36233,"minecraft:damage_taken":1450,"minecraft:walk_one_cm":42448,"minecraft:damage_dealt":295,"minecraft:swim_one_cm":1504,"minecraft:interact_with_crafting_table":2,"minecraft:fly_one_cm":23954,"minecraft:crouch_one_cm":121,"minecraft:play_time":17076,"minecraft:deaths":4,"minecraft:sneak_time":32,"minecraft:walk_under_water_one_cm":518,"minecraft:jump":186,"minecraft:walk_on_water_one_cm":3002,"minecraft:time_since_death":997,"minecraft:total_world_time":17076,"minecraft:fall_one_cm":1674},"minecraft:killed_by":{"minecraft:zombie":1}},"DataVersion":3465}