{"stats":{"minecraft:picked_up":{"minecraft:stick":2,"minecraft:crafting_table":2,"minecraft:oak_log":41,"minecraft:dirt":2,"minecraft:dark_oak_planks":2,"minecraft:red_nether_bricks":2,"minecraft:hay_block":14,"minecraft:oak_planks":2,"minecraft:cobblestone":11},"minecraft:used":{"minecraft:dark_oak_planks":2,"minecraft:bread":4,"minecraft:stone_pickaxe":3,"minecraft:red_nether_bricks":2,"minecraft:oak_planks":95,"minecraft:wooden_pickaxe":12,"minecraft:stone_axe":42,"minecraft:dirt":2,"minecraft:cobblestone":5,"minecraft:crafting_table":3},"minecraft:crafted":{"minecraft:oak_planks":162,"minecraft:crafting_table":2,"minecraft:stick":20,"minecraft:wooden_pickaxe":1,"minecraft:stone_pickaxe":1,"minecraft:stone_axe":1,"minecraft:bread":42,"minecraft:wheat":126},"minecraft:custom":{"minecraft:time_since_rest":3513,"minecraft:interact_with_furnace":1,"minecraft:sprint_one_cm":17609,"minecraft:damage_taken":220,"minecraft:walk_one_cm":31597,"minecraft:drop":1,"minecraft:damage_dealt":10,"minecraft:tune_noteblock":1,"minecraft:interact_with_crafting_table":3,"minecraft:swim_one_cm":1982,"minecraft:fly_one_cm":38798,"minecraft:open_chest":2,"minecraft:crouch_one_cm":5879,"minecraft:play_time":16343,"minecraft:sneak_time":1122,"minecraft:walk_under_water_one_cm":32,"minecraft:interact_with_lectern":1,"minecraft:jump":404,"minecraft:walk_on_water_one_cm":1272,"minecraft:time_since_death":16343,"minecraft:sleep_in_bed":1,"minecraft:total_world_time":16343,"minecraft:climb_one_cm":850,"minecraft:fall_one_cm":9718},"minecraft:mined":{"minecraft:red_nether_brick_slab":1,"minecraft:dark_oak_planks":2,"minecraft:hay_block":14,"minecraft:red_nether_bricks":2,"minecraft:crafting_table":2,"minecraft:grass_block":1,"minecraft:oak_log":41,"minecraft:dirt":1,"minecraft:tall_grass":1,"minecraft:stone":11,"minecraft:oak_planks":2,"minecraft:oak_leaves":4},"minecraft:dropped":{"minecraft:wooden_pickaxe":1}},"DataVersion":3465}