{"stats":{"minecraft:mined":{"minecraft:crafting_table":4,"minecraft:cobblestone":4,"minecraft:spruce_leaves":5,"minecraft:blue_bed":3,"minecraft:large_fern":8,"minecraft:furnace":1,"minecraft:sweet_berry_bush":42,"minecraft:spruce_log":10,"minecraft:grass":5,"minecraft:coal_ore":25,"minecraft:sand":24,"minecraft:dirt":2,"minecraft:stone":54,"minecraft:fern":13},"minecraft:crafted":{"minecraft:glass_bottle":9,"minecraft:crafting_table":1,"minecraft:spruce_planks":64,"minecraft:wooden_pickaxe":1,"minecraft:furnace":1,"minecraft:stone_axe":1,"minecraft:air":0,"minecraft:glass":9,"minecraft:stick":52,"minecraft:stone_pickaxe":2},"minecraft:picked_up":{"minecraft:crafting_table":13,"minecraft:wooden_pickaxe":3,"minecraft:potion":9,"minecraft:cobblestone_wall":2,"minecraft:dirt":227,"minecraft:string":12,"minecraft:blue_bed":4,"minecraft:bone":30,"minecraft:wheat_seeds":2,"minecraft:spruce_planks":93,"minecraft:stone_pickaxe":7,"minecraft:furnace":2,"minecraft:stick":130,"minecraft:sweet_berries":548,"minecraft:torch":11,"minecraft:sand":99,"minecraft:spruce_sapling":1,"minecraft:spruce_log":26,"minecraft:spider_eye":4,"minecraft:arrow":28,"minecraft:rotten_flesh":11,"minecraft:stone_axe":8,"minecraft:bread":3,"minecraft:coal":71,"minecraft:cobblestone":460},"minecraft:killed":{"minecraft:spider":2,"minecraft:zombie":1},"minecraft:broken":{"minecraft:wooden_pickaxe":1},"minecraft:used":{"minecraft:glass_bottle":3,"minecraft:stone_pickaxe":57,"minecraft:wooden_pickaxe":55,"minecraft:blue_bed":3,"minecraft:torch":3,"minecraft:dirt":1,"minecraft:crafting_table":5,"minecraft:stone_axe":53,"minecraft:cobblestone":18,"minecraft:sweet_berries":3,"minecraft:furnace":1},"minecraft:custom":{"minecraft:interact_with_furnace":2,"minecraft:mob_kills":4,"minecraft:interact_with_crafting_table":5,"minecraft:open_barrel":1,"minecraft:leave_game":1,"minecraft:time_since_death":776,"minecraft:sleep_in_bed":9,"minecraft:time_since_rest":1392,"minecraft:sprint_one_cm":133271,"minecraft:damage_taken":5725,"minecraft:walk_one_cm":90504,"minecraft:drop":39,"minecraft:damage_dealt":793,"minecraft:swim_one_cm":1504,"minecraft:talked_to_villager":3,"minecraft:fly_one_cm":68962,"minecraft:open_chest":1,"minecraft:crouch_one_cm":310,"minecraft:play_time":43387,"minecraft:deaths":20,"minecraft:sneak_time":191,"minecraft:walk_under_water_one_cm":958,"minecraft:jump":581,"minecraft:walk_on_water_one_cm":3960,"minecraft:total_world_time":43387,"minecraft:fall_one_cm":9666},"minecraft:dropped":{"minecraft:glass_bottle":6,"minecraft:rotten_flesh":1,"minecraft:dirt":74,"minecraft:spider_eye":2,"minecraft:string":2,"minecraft:spruce_sapling":1},"minecraft:killed_by":{"minecraft:skeleton":2,"minecraft:witch":1,"minecraft:zombie":6}},"DataVersion":3465}