{"stats":{"minecraft:picked_up":{"minecraft:crafting_table":2,"minecraft:leather":1,"minecraft:oak_log":41,"minecraft:dirt":2,"minecraft:red_nether_bricks":2,"minecraft:shroomlight":29,"minecraft:spruce_planks":4,"minecraft:spruce_slab":2,"minecraft:oak_planks":9,"minecraft:stick":2,"minecraft:stripped_acacia_wood":7,"minecraft:porkchop":3,"minecraft:dark_oak_planks":2,"minecraft:hay_block":14,"minecraft:white_wool":3,"minecraft:cobblestone":11},"minecraft:killed":{"minecraft:hoglin":2,"minecraft:zombie":1,"minecraft:wither_skeleton":1},"minecraft:used":{"minecraft:diamond_boots":1,"minecraft:flint_and_steel":19,"minecraft:stone_pickaxe":4,"minecraft:oak_planks":152,"minecraft:red_nether_bricks":2,"minecraft:wooden_pickaxe":12,"minecraft:spruce_planks":4,"minecraft:diamond_axe":78,"minecraft:white_wool":1,"minecraft:dirt":2,"minecraft:crafting_table":4,"minecraft:obsidian":1,"minecraft:shroomlight":29,"minecraft:dark_oak_planks":2,"minecraft:diamond_pickaxe":35,"minecraft:bread":10,"minecraft:stone_axe":54,"minecraft:cobblestone":5,"minecraft:splash_potion":2},"minecraft:crafted":{"minecraft:oak_planks":162,"minecraft:diamond_axe":1,"minecraft:crafting_table":2,"minecraft:wooden_pickaxe":1,"minecraft:stone_axe":1,"minecraft:bread":42,"minecraft:diamond_leggings":1,"minecraft:diamond_pickaxe":1,"minecraft:stick":20,"minecraft:stone_pickaxe":1,"minecraft:diamond_boots":1,"minecraft:acacia_planks":20,"minecraft:wheat":126,"minecraft:diamond_chestplate":1},"minecraft:custom":{"minecraft:interact_with_furnace":1,"minecraft:mob_kills":4,"minecraft:interact_with_crafting_table":5,"minecraft:tune_noteblock":1,"minecraft:time_since_death":70343,"minecraft:sleep_in_bed":1,"minecraft:climb_one_cm":10884,"minecraft:time_since_rest":57513,"minecraft:sprint_one_cm":19198,"minecraft:damage_taken":584,"minecraft:walk_one_cm":63182,"minecraft:drop":1,"minecraft:damage_dealt":1468,"minecraft:swim_one_cm":1982,"minecraft:fly_one_cm":40430,"minecraft:open_chest":6,"minecraft:crouch_one_cm":22546,"minecraft:play_time":70343,"minecraft:sneak_time":9579,"minecraft:walk_under_water_one_cm":32,"minecraft:interact_with_lectern":1,"minecraft:jump":515,"minecraft:walk_on_water_one_cm":1272,"minecraft:total_world_time":70343,"minecraft:fall_one_cm":11522},"minecraft:mined":{"minecraft:dark_oak_planks":2,"minecraft:red_nether_brick_slab":1,"minecraft:spruce_planks":4,"minecraft:red_nether_bricks":2,"minecraft:crafting_table":2,"minecraft:grass_block":1,"minecraft:tall_grass":1,"minecraft:oak_planks":9,"minecraft:spawner":2,"minecraft:hay_block":14,"minecraft:fire":9,"minecraft:oak_log":41,"minecraft:shroomlight":31,"minecraft:dirt":1,"minecraft:stripped_acacia_wood":7,"minecraft:stone":11,"minecraft:white_wool":3,"minecraft:oak_leaves":4,"minecraft:spruce_slab":1},"minecraft:dropped":{"minecraft:wooden_pickaxe":1}},"DataVersion":3465}