{"stats":{"minecraft:picked_up":{"minecraft:stick":2,"minecraft:crafting_table":2,"minecraft:leather":1,"minecraft:porkchop":3,"minecraft:oak_log":41,"minecraft:dirt":2,"minecraft:dark_oak_planks":2,"minecraft:red_nether_bricks":2,"minecraft:shroomlight":1,"minecraft:spruce_planks":4,"minecraft:hay_block":14,"minecraft:white_wool":1,"minecraft:oak_planks":8,"minecraft:cobblestone":11},"minecraft:killed":{"minecraft:zombie":1,"minecraft:hoglin":2},"minecraft:used":{"minecraft:dark_oak_planks":2,"minecraft:diamond_pickaxe":2,"minecraft:diamond_boots":1,"minecraft:flint_and_steel":10,"minecraft:bread":7,"minecraft:stone_pickaxe":4,"minecraft:red_nether_bricks":2,"minecraft:oak_planks":147,"minecraft:wooden_pickaxe":12,"minecraft:diamond_axe":57,"minecraft:stone_axe":54,"minecraft:dirt":2,"minecraft:cobblestone":5,"minecraft:crafting_table":4,"minecraft:splash_potion":2},"minecraft:crafted":{"minecraft:oak_planks":162,"minecraft:diamond_leggings":1,"minecraft:diamond_pickaxe":1,"minecraft:diamond_axe":1,"minecraft:crafting_table":2,"minecraft:stick":20,"minecraft:wooden_pickaxe":1,"minecraft:stone_pickaxe":1,"minecraft:diamond_boots":1,"minecraft:stone_axe":1,"minecraft:bread":42,"minecraft:diamond_chestplate":1,"minecraft:wheat":126},"minecraft:custom":{"minecraft:time_since_rest":27513,"minecraft:interact_with_furnace":1,"minecraft:sprint_one_cm":19077,"minecraft:damage_taken":384,"minecraft:walk_one_cm":47100,"minecraft:mob_kills":3,"minecraft:drop":1,"minecraft:damage_dealt":1378,"minecraft:tune_noteblock":1,"minecraft:interact_with_crafting_table":5,"minecraft:swim_one_cm":1982,"minecraft:fly_one_cm":40162,"minecraft:open_chest":5,"minecraft:crouch_one_cm":14670,"minecraft:play_time":40343,"minecraft:sneak_time":6457,"minecraft:walk_under_water_one_cm":32,"minecraft:interact_with_lectern":1,"minecraft:jump":477,"minecraft:walk_on_water_one_cm":1272,"minecraft:time_since_death":40343,"minecraft:sleep_in_bed":1,"minecraft:total_world_time":40343,"minecraft:climb_one_cm":850,"minecraft:fall_one_cm":11104},"minecraft:mined":{"minecraft:red_nether_brick_slab":1,"minecraft:dark_oak_planks":2,"minecraft:hay_block":14,"minecraft:spruce_planks":4,"minecraft:fire":5,"minecraft:red_nether_bricks":2,"minecraft:crafting_table":2,"minecraft:grass_block":1,"minecraft:oak_log":41,"minecraft:shroomlight":1,"minecraft:dirt":1,"minecraft:tall_grass":1,"minecraft:stone":11,"minecraft:oak_planks":8,"minecraft:white_wool":1,"minecraft:oak_leaves":4,"minecraft:spawner":1},"minecraft:dropped":{"minecraft:wooden_pickaxe":1}},"DataVersion":3465}