{"stats":{"minecraft:picked_up":{"minecraft:crafting_table":2,"minecraft:golden_carrot":28,"minecraft:leather":3,"minecraft:oak_log":52,"minecraft:string":2,"minecraft:dirt":2,"minecraft:white_banner":2,"minecraft:flint_and_steel":1,"minecraft:red_nether_bricks":2,"minecraft:bone":2,"minecraft:shroomlight":48,"minecraft:stone_bricks":1,"minecraft:diamond_leggings":1,"minecraft:gold_nugget":137,"minecraft:spruce_planks":17,"minecraft:diamond_helmet":2,"minecraft:spruce_slab":2,"minecraft:oak_planks":10,"minecraft:stick":14,"minecraft:torch":1,"minecraft:stripped_acacia_wood":7,"minecraft:porkchop":9,"minecraft:jungle_planks":5,"minecraft:white_bed":1,"minecraft:carrot":9,"minecraft:golden_chestplate":1,"minecraft:dark_oak_planks":2,"minecraft:diamond_chestplate":1,"minecraft:diamond":3,"minecraft:diamond_boots":1,"minecraft:stripped_jungle_wood":1,"minecraft:hay_block":14,"minecraft:diamond_axe":1,"minecraft:glistering_melon_slice":3,"minecraft:bread":25,"minecraft:gold_ingot":53,"minecraft:cobblestone":11,"minecraft:coal":2,"minecraft:white_wool":3,"minecraft:diamond_pickaxe":1},"minecraft:killed":{"minecraft:spider":1,"minecraft:hoglin":2,"minecraft:pillager":6,"minecraft:zombie":2,"minecraft:wither_skeleton":5},"minecraft:used":{"minecraft:diamond_boots":1,"minecraft:flint_and_steel":50,"minecraft:spruce_slab":2,"minecraft:stone_pickaxe":4,"minecraft:oak_planks":163,"minecraft:red_nether_bricks":2,"minecraft:wooden_pickaxe":12,"minecraft:spruce_planks":14,"minecraft:stripped_jungle_wood":1,"minecraft:diamond_axe":408,"minecraft:white_wool":3,"minecraft:dirt":2,"minecraft:crafting_table":4,"minecraft:jungle_planks":5,"minecraft:obsidian":4,"minecraft:shroomlight":48,"minecraft:dark_oak_planks":2,"minecraft:diamond_pickaxe":78,"minecraft:bread":17,"minecraft:stone_bricks":1,"minecraft:stone_axe":54,"minecraft:golden_carrot":4,"minecraft:cobblestone":5,"minecraft:acacia_planks":28,"minecraft:splash_potion":3},"minecraft:killed_by":{"minecraft:wither_skeleton":4},"minecraft:crafted":{"minecraft:oak_planks":206,"minecraft:diamond_axe":1,"minecraft:crafting_table":2,"minecraft:wooden_pickaxe":1,"minecraft:stone_axe":1,"minecraft:bread":42,"minecraft:diamond_leggings":1,"minecraft:diamond_pickaxe":1,"minecraft:stick":20,"minecraft:stone_pickaxe":1,"minecraft:diamond_boots":1,"minecraft:acacia_planks":28,"minecraft:diamond_chestplate":1,"minecraft:wheat":126},"minecraft:custom":{"minecraft:interact_with_furnace":1,"minecraft:mob_kills":19,"minecraft:interact_with_crafting_table":5,"minecraft:tune_noteblock":1,"minecraft:open_barrel":4,"minecraft:bell_ring":9,"minecraft:raid_trigger":1,"minecraft:leave_game":2,"minecraft:time_since_death":7764,"minecraft:sleep_in_bed":1,"minecraft:climb_one_cm":12080,"minecraft:time_since_rest":7796,"minecraft:sprint_one_cm":37861,"minecraft:damage_taken":5848,"minecraft:walk_one_cm":135300,"minecraft:drop":1,"minecraft:damage_dealt":6150,"minecraft:swim_one_cm":3637,"minecraft:fly_one_cm":82878,"minecraft:open_chest":6,"minecraft:crouch_one_cm":38336,"minecraft:play_time":97281,"minecraft:deaths":5,"minecraft:sneak_time":15882,"minecraft:walk_under_water_one_cm":372,"minecraft:interact_with_lectern":1,"minecraft:jump":951,"minecraft:walk_on_water_one_cm":5156,"minecraft:total_world_time":97281,"minecraft:fall_one_cm":65739},"minecraft:mined":{"minecraft:dark_oak_planks":2,"minecraft:red_nether_brick_slab":1,"minecraft:spruce_planks":14,"minecraft:white_bed":1,"minecraft:red_nether_bricks":2,"minecraft:crafting_table":2,"minecraft:grass_block":1,"minecraft:jungle_planks":6,"minecraft:stripped_jungle_wood":1,"minecraft:tall_grass":2,"minecraft:oak_planks":10,"minecraft:spawner":3,"minecraft:hay_block":14,"minecraft:black_stained_glass":4,"minecraft:fire":22,"minecraft:grass":5,"minecraft:oak_log":52,"minecraft:shroomlight":52,"minecraft:dirt":1,"minecraft:stone_bricks":1,"minecraft:stripped_acacia_wood":7,"minecraft:stone":11,"minecraft:white_wool":3,"minecraft:oak_leaves":4,"minecraft:spruce_slab":1},"minecraft:dropped":{"minecraft:wooden_pickaxe":1}},"DataVersion":3465}