{"stats":{"minecraft:picked_up":{"minecraft:crafting_table":2,"minecraft:leather":1,"minecraft:oak_log":41,"minecraft:dirt":2,"minecraft:red_nether_bricks":2,"minecraft:bone":1,"minecraft:shroomlight":47,"minecraft:spruce_planks":4,"minecraft:spruce_slab":2,"minecraft:oak_planks":9,"minecraft:stick":2,"minecraft:stripped_acacia_wood":7,"minecraft:porkchop":3,"minecraft:jungle_planks":5,"minecraft:dark_oak_planks":2,"minecraft:stripped_jungle_wood":1,"minecraft:hay_block":14,"minecraft:coal":1,"minecraft:white_wool":3,"minecraft:cobblestone":11},"minecraft:killed":{"minecraft:hoglin":2,"minecraft:zombie":1,"minecraft:wither_skeleton":5},"minecraft:used":{"minecraft:diamond_boots":1,"minecraft:flint_and_steel":32,"minecraft:stone_pickaxe":4,"minecraft:oak_planks":152,"minecraft:red_nether_bricks":2,"minecraft:wooden_pickaxe":12,"minecraft:spruce_planks":4,"minecraft:diamond_axe":300,"minecraft:white_wool":1,"minecraft:dirt":2,"minecraft:crafting_table":4,"minecraft:jungle_planks":1,"minecraft:obsidian":1,"minecraft:shroomlight":47,"minecraft:dark_oak_planks":2,"minecraft:diamond_pickaxe":56,"minecraft:bread":16,"minecraft:stone_axe":54,"minecraft:cobblestone":5,"minecraft:acacia_planks":20,"minecraft:splash_potion":3},"minecraft:crafted":{"minecraft:oak_planks":162,"minecraft:diamond_axe":1,"minecraft:crafting_table":2,"minecraft:wooden_pickaxe":1,"minecraft:stone_axe":1,"minecraft:bread":42,"minecraft:diamond_leggings":1,"minecraft:diamond_pickaxe":1,"minecraft:stick":20,"minecraft:stone_pickaxe":1,"minecraft:diamond_boots":1,"minecraft:acacia_planks":28,"minecraft:wheat":126,"minecraft:diamond_chestplate":1},"minecraft:custom":{"minecraft:interact_with_furnace":1,"minecraft:mob_kills":8,"minecraft:interact_with_crafting_table":5,"minecraft:tune_noteblock":1,"minecraft:time_since_death":82343,"minecraft:sleep_in_bed":1,"minecraft:climb_one_cm":10884,"minecraft:time_since_rest":69513,"minecraft:sprint_one_cm":21472,"minecraft:damage_taken":835,"minecraft:walk_one_cm":80588,"minecraft:drop":1,"minecraft:damage_dealt":3997,"minecraft:swim_one_cm":1982,"minecraft:fly_one_cm":42203,"minecraft:open_chest":6,"minecraft:crouch_one_cm":34419,"minecraft:play_time":82343,"minecraft:sneak_time":14660,"minecraft:walk_under_water_one_cm":32,"minecraft:interact_with_lectern":1,"minecraft:jump":590,"minecraft:walk_on_water_one_cm":1272,"minecraft:total_world_time":82343,"minecraft:fall_one_cm":12388},"minecraft:mined":{"minecraft:dark_oak_planks":2,"minecraft:red_nether_brick_slab":1,"minecraft:spruce_planks":4,"minecraft:red_nether_bricks":2,"minecraft:crafting_table":2,"minecraft:grass_block":1,"minecraft:jungle_planks":6,"minecraft:stripped_jungle_wood":1,"minecraft:tall_grass":1,"minecraft:oak_planks":9,"minecraft:spawner":3,"minecraft:hay_block":14,"minecraft:fire":21,"minecraft:oak_log":41,"minecraft:shroomlight":51,"minecraft:dirt":1,"minecraft:stripped_acacia_wood":7,"minecraft:stone":11,"minecraft:white_wool":3,"minecraft:oak_leaves":4,"minecraft:spruce_slab":1},"minecraft:dropped":{"minecraft:wooden_pickaxe":1}},"DataVersion":3465}