{"stats":{"minecraft:mined":{"minecraft:waxed_cut_copper_stairs":1,"minecraft:mossy_cobblestone":3,"minecraft:red_nether_bricks":1,"minecraft:crafting_table":2,"minecraft:emerald_ore":5,"minecraft:acacia_log":13,"minecraft:glass":2,"minecraft:coal_block":16,"minecraft:tall_grass":2,"minecraft:sugar_cane":26,"minecraft:spawner":2,"minecraft:hay_block":39,"minecraft:furnace":2,"minecraft:gold_block":5,"minecraft:dark_oak_stairs":1,"minecraft:grass":45,"minecraft:oak_log":2,"minecraft:cyan_carpet":1,"minecraft:sand":5,"minecraft:dirt":1,"minecraft:gray_carpet":1,"minecraft:stone":73,"minecraft:netherrack":1,"minecraft:fern":6},"minecraft:crafted":{"minecraft:glass_bottle":3,"minecraft:oak_planks":8,"minecraft:coal":144,"minecraft:crafting_table":1,"minecraft:glass":3,"minecraft:stick":8,"minecraft:acacia_planks":52,"minecraft:wheat":18},"minecraft:picked_up":{"minecraft:crafting_table":4,"minecraft:iron_chestplate":6,"minecraft:wheat":90,"minecraft:clock":5,"minecraft:feather":6,"minecraft:water_bucket":6,"minecraft:golden_leggings":6,"minecraft:potato":10,"minecraft:potion":14,"minecraft:gold_block":16,"minecraft:enchanted_book":1,"minecraft:flint":5,"minecraft:oak_log":2,"minecraft:golden_sword":1,"minecraft:dirt":1,"minecraft:lantern":2,"minecraft:red_nether_bricks":4,"minecraft:iron_leggings":2,"minecraft:item_frame":7,"minecraft:armor_stand":1,"minecraft:experience_bottle":3,"minecraft:cyan_carpet":4,"minecraft:acacia_planks":36,"minecraft:apple":48,"minecraft:gray_carpet":1,"minecraft:bow":6,"minecraft:wheat_seeds":58,"minecraft:iron_ingot":12,"minecraft:beef":8,"minecraft:iron_pickaxe":6,"minecraft:coal_block":16,"minecraft:sugar_cane":270,"minecraft:furnace":2,"minecraft:iron_boots":7,"minecraft:egg":1,"minecraft:golden_helmet":11,"minecraft:stick":34,"minecraft:torch":2,"minecraft:acacia_log":23,"minecraft:lava_bucket":6,"minecraft:fire_charge":1,"minecraft:sand":7,"minecraft:golden_axe":5,"minecraft:mossy_cobblestone":12,"minecraft:golden_hoe":1,"minecraft:hay_block":200,"minecraft:iron_helmet":2,"minecraft:emerald":29,"minecraft:bread":76,"minecraft:cobblestone":73,"minecraft:obsidian":12,"minecraft:coal":606},"minecraft:killed":{"minecraft:husk":1},"minecraft:broken":{"minecraft:golden_sword":1,"minecraft:golden_axe":1},"minecraft:custom":{"minecraft:interact_with_furnace":3,"minecraft:mob_kills":1,"minecraft:interact_with_crafting_table":4,"minecraft:tune_noteblock":2,"minecraft:open_barrel":4,"minecraft:eat_cake_slice":1,"minecraft:leave_game":1,"minecraft:time_since_death":27713,"minecraft:sleep_in_bed":1,"minecraft:climb_one_cm":6604,"minecraft:time_since_rest":27763,"minecraft:sprint_one_cm":212136,"minecraft:damage_taken":5169,"minecraft:walk_one_cm":102993,"minecraft:drop":61,"minecraft:damage_dealt":1001,"minecraft:play_noteblock":1,"minecraft:swim_one_cm":68077,"minecraft:talked_to_villager":3,"minecraft:fly_one_cm":462340,"minecraft:open_chest":16,"minecraft:crouch_one_cm":3531,"minecraft:play_time":66915,"minecraft:deaths":5,"minecraft:sneak_time":3342,"minecraft:walk_under_water_one_cm":17200,"minecraft:jump":1992,"minecraft:walk_on_water_one_cm":25853,"minecraft:total_world_time":66915,"minecraft:fall_one_cm":51203},"minecraft:used":{"minecraft:water_bucket":6,"minecraft:oak_planks":4,"minecraft:glass_bottle":51,"minecraft:gray_carpet":1,"minecraft:red_nether_bricks":1,"minecraft:torch":2,"minecraft:mossy_cobblestone":3,"minecraft:crafting_table":2,"minecraft:obsidian":4,"minecraft:lava_bucket":18,"minecraft:lantern":2,"minecraft:bread":31,"minecraft:iron_pickaxe":129,"minecraft:item_frame":3,"minecraft:golden_sword":41,"minecraft:potion":48,"minecraft:furnace":2,"minecraft:bucket":24,"minecraft:air":1,"minecraft:acacia_planks":36,"minecraft:golden_axe":22,"minecraft:experience_bottle":1},"minecraft:dropped":{"minecraft:enchanted_book":1,"minecraft:sugar_cane":1,"minecraft:wheat_seeds":32,"minecraft:experience_bottle":1,"minecraft:iron_helmet":1,"minecraft:feather":3,"minecraft:iron_boots":1,"minecraft:item_frame":3,"minecraft:potato":5,"minecraft:torch":1,"minecraft:golden_leggings":1,"minecraft:golden_sword":1,"minecraft:fire_charge":1,"minecraft:iron_leggings":1,"minecraft:golden_hoe":1,"minecraft:sand":2,"minecraft:beef":4,"minecraft:armor_stand":1},"minecraft:killed_by":{"minecraft:husk":1,"minecraft:player":1}},"DataVersion":3465}